id,code,name,parent_city_id/id
commune_1107170,1107170,Alakamisy,
commune_1218050,1218050,Alakamisy,
commune_1305212,1305212,Alakamisy Ambohidehibe,
commune_2203210,2203210,Alakamisy Ambohijato,
commune_2120250,2120250,Alakamisy Ambohimaha,
commune_2204210,2204210,Alakamisy Ambohimahazo,
commune_1209070,1209070,Alakamisy Anativato,
commune_1117312,1117312,Alakamisy Fenoarivo,
commune_2120391,2120391,Alakamisy Itenina,
commune_1209230,1209230,Alakamisy Marososona,
commune_1106090,1106090,Alarobia,
commune_1210291,1210291,Alarobia Antanamalaza,
commune_1209390,1209390,Alarobia Bemaha,
commune_1115110,1115110,Alarobia Vatosola,
commune_1102010,1102010,Alasora,
commune_1117250,1117250,Alatsinain' Ambazaha,
commune_1312250,1312250,Alatsinainikely,
commune_1115070,1115070,Alatsinainy Bakaro,
commune_2120350,2120350,Alatsinainy Ialamarina,
commune_1218250,1218250,Alatsinainy Ibity,
commune_2310630,2310630,Ambahatrazo,
commune_5104050,5104050,Ambahikily,
commune_5218151,5218151,Ambahita,
commune_5106370,5106370,Ambahitrimitsinjo,
commune_2310230,2310230,Ambahive,
commune_51602,51602,AMBAHOABE,
commune_3218090,3218090,Ambahoabe,
commune_2307030,2307030,Ambahy,
commune_7117090,7117090,Ambakirano,
commune_4308170,4308170,Ambakireny,
commune_2307210,2307210,Ambakobe,
commune_3107230,3107230,Ambalabe,
commune_7210170,7210170,Ambalabe,
commune_4115092,4115092,Ambalabe Befanjava,
commune_7119130,7119130,Ambalahonko,
commune_2309370,2309370,Ambalahosy Avaratra,
commune_4304112,4304112,Ambalajia,
commune_2120030,2120030,Ambalakely,
commune_4115031,4115031,Ambalakida,
commune_2108072,2108072,Ambalakindresy,
commune_4210210,4210210,Ambalakirajy,
commune_2120210,2120210,Ambalamahasoa,
commune_2203250,2203250,Ambalamanakana,
commune_7212210,7212210,Ambalamanasy II,
commune_2120590,2120590,Ambalamidera II,
commune_1411250,1411250,Ambalanirana,
commune_4304130,4304130,Ambalanjanakomby,
commune_3317052,3317052,Ambalanomby,
commune_3109070,3109070,Ambalapaiso II,
commune_2310690,2310690,Ambalaroka,
commune_4214212,4214212,Ambalaromba,
commune_3106210,3106210,Ambalarondra,
commune_7216130,7216130,Ambalasatrana,
commune_5317070,5317070,Ambalasoa,
commune_2513470,2513470,Ambalatany,
commune_1117450,1117450,Ambalavao,
commune_2105010,2105010,Ambalavao,
commune_2513410,2513410,Ambalavato,
commune_5121032,5121032,Ambalavato,
commune_2310410,2310410,Ambalavero,
commune_3107110,3107110,Ambalavolo,
commune_4211070,4211070,Ambaliha,
commune_4316070,4316070,Ambaliha,
commune_7119250,7119250,Ambaliha,
commune_2310550,2310550,Ambandrika,
commune_3313032,3313032,Ambandrika,
commune_5216031,5216031,Ambanisarika,
commune_1106210,1106210,Ambanitsena,
commune_7119010,7119010,Ambanja CU,
commune_4209031,4209031,Ambanjabe,
commune_1218010,1218010,Ambano,
commune_7117231,7117231,Ambarakaraka,
commune_4212150,4212150,Ambararata,
commune_4214270,4214270,Ambararata Nord,
commune_4214290,4214290,Ambararata Sofia,
commune_1411290,1411290,Ambararatabe (Bemahatazana),
commune_4211012,4211012,Ambarijeby Sud,
commune_4210170,4210170,Ambarikorano,
commune_4107092,4107092,Ambarimanenga,
commune_4210190,4210190,Ambaripaika,
commune_1103390,1103390,Ambato,
commune_4105019,4105019,Ambato Ambarimay,
commune_5315114,5315114,Ambatoabo,
commune_7211450,7211450,Ambatoafo (Fir Beanantsindra),
commune_1313210,1313210,Ambatoasana Afovoany,
commune_7117110,7117110,Ambatoben'Anjavy,
commune_1117470,1117470,Ambatofahavalo,
commune_2202010,2202010,Ambatofinandrahana,
commune_3109110,3109110,Ambatofisaka II,
commune_2203390,2203390,Ambatofitorahana,
commune_2311031,2311031,Ambatofotsy,
commune_51101,51101,AMBATOHARANANA,
commune_51801,51801,AMBATOHARANANA,
commune_3204092,3204092,Ambatoharanana,
commune_3215092,3215092,Ambatoharanana,
commune_3317072,3317072,Ambatoharanana,
commune_1214030,1214030,Ambatolahy,
commune_2416131,2416131,Ambatolahy,
commune_5411091,5411091,Ambatolahy,
commune_1103172,1103172,Ambatolampy,
commune_1210010,1210010,Ambatolampy,
commune_1411050,1411050,Ambatolampy,
commune_1106012,1106012,Ambatolaona,
commune_2514212,2514212,Ambatolava,
commune_2119070,2119070,Ambatomainty,
commune_3312030,3312030,Ambatomainty,
commune_4417011,4417011,Ambatomainty,
commune_1419072,1419072,Ambatomainty Sud,
commune_1106070,1106070,Ambatomanga,
commune_1305190,1305190,Ambatomanga Mahatsinjo,
commune_1312050,1312050,Ambatomanjaka,
commune_1107230,1107230,Ambatomanoina,
commune_2223170,2223170,Ambatomarina,
commune_1106250,1106250,Ambatomena,
commune_1218310,1218310,Ambatomena,
commune_1214079,1214079,Ambatomiady,
commune_2202110,2202110,Ambatomifanongoa,
commune_1305170,1305170,Ambatomirahavavy,
commune_5317350,5317350,Ambatomivary,
commune_1210090,1210090,Ambatondrakalavao,
commune_3313010,3313010,Ambatondrazaka C.U,
commune_3313033,3313033,Ambatondrazaka Suburbaine,
commune_1209170,1209170,Ambatonikolahy,
commune_4214090,4214090,Ambatoriha Est,
commune_4214070,4214070,Ambatosia,
commune_51213,51213,AMBATOSOA,
commune_2108190,2108190,Ambatosoa,
commune_3203270,3203270,Ambatosoa,
commune_5218091,5218091,Ambatosola,
commune_3313130,3313130,Ambatosoratra,
commune_1214150,1214150,Ambatotsipihina,
commune_3314210,3314210,Ambatovola,
commune_7118003,7118003,Ambatozavavy,
commune_1117130,1117130,Ambavahaditokana,
commune_5216092,5216092,Ambazoa,
commune_1313132,1313132,Amberomanga,
commune_2306270,2306270,Ambia,
commune_2416032,2416032,Ambia,
commune_5409092,5409092,Ambia,
commune_5410112,5410112,Ambiky,
commune_2310070,2310070,Ambila,
commune_7117010,7117010,Ambilobe,
commune_4210270,4210270,Ambilombe,
commune_3108110,3108110,Ambinanidilana,
commune_7210190,7210190,Ambinanifaho,
commune_7216250,7216250,Ambinanin'Andravory,
commune_2105190,2105190,Ambinanindovoka,
commune_2203550,2203550,Ambinanindrano,
commune_3108170,3108170,Ambinanindrano,
commune_3106110,3106110,Ambinaninony,
commune_2105212,2105212,Ambinaniroa,
commune_51201,51201,AMBINANITELO,
commune_3203090,3203090,Ambinanitelo,
commune_2311130,2311130,Ambinanitromby,
commune_5112150,5112150,Ambinany,
commune_4210130,4210130,Amboaboa,
commune_5410090,5410090,Amboalimena,
commune_1305090,1305090,Amboanana,
commune_7211370,7211370,Amboangibe,
commune_2310170,2310170,Amboanjo Ifaho,
commune_1107270,1107270,Amboasary,
commune_3109150,3109150,Amboasary,
commune_3314250,3314250,Amboasary,
commune_1305250,1305250,Amboasary Antambolo,
commune_5319010,5319010,Amboasary Atsimo,
commune_3312130,3312130,Amboavory,
commune_4210391,4210391,Ambodiadabo,
commune_4214211,4214211,Ambodiadabo,
commune_4210490,4210490,Ambodiamontana Kianga,
commune_51102,51102,AMBODIAMPANA,
commune_3204070,3204070,Ambodiampana,
commune_4214230,4214230,Ambodiampana,
commune_7211410,7211410,Ambodiampana,
commune_3218050,3218050,Ambodiampana I,
commune_51603,51603,AMBODIAMPANA-I,
commune_7212230,7212230,Ambodiangezoka,
commune_2307310,2307310,Ambodiara,
commune_3108130,3108130,Ambodibonara,
commune_7117172,7117172,Ambodibonara,
commune_1210190,1210190,Ambodifarihy Fenomanana,
commune_3202001,3202001,Ambodifotatra,
commune_3108050,3108050,Ambodiharina,
commune_4223190,4223190,Ambodihazoambo,
commune_2307151,2307151,Ambodilafa,
commune_3110150,3110150,Ambodilazana,
commune_4213171,4213171,Ambodimadiro,
commune_4209171,4209171,Ambodimahabibo,
commune_4213130,4213130,Ambodimanary,
commune_4213090,4213090,Ambodimandresy,
commune_3312270,3312270,Ambodimanga,
commune_7212090,7212090,Ambodimanga I,
commune_3205030,3205030,Ambodimanga II,
commune_7119172,7119172,Ambodimanga Ramena,
commune_3203230,3203230,Ambodimanga Rantabe,
commune_51214,51214,AMBODIMANGA RATABE,
commune_3101001,3101001,Ambodimanga Toamasina I,
commune_51802,51802,AMBODIMANGAVALO,
commune_3215170,3215170,Ambodimangavalo,
commune_4212050,4212050,Ambodimotso Atsimo,
commune_2309390,2309390,Ambodinonoka,
commune_3109191,3109191,Ambodinonoka,
commune_1214230,1214230,Ambodiriana,
commune_3110070,3110070,Ambodiriana,
commune_2307250,2307250,Ambodirian'Isahafary,
commune_4209112,4209112,Ambodisakoana,
commune_4214170,4214170,Ambodisikidy,
commune_3110092,3110092,Amboditandroho,
commune_3107131,3107131,Amboditavolo,
commune_3109230,3109230,Ambodivoahangy,
commune_3107030,3107030,Ambodivoananto,
commune_51103,51103,AMBODIVOANIO,
commune_3204012,3204012,Ambodivoanio,
commune_7211130,7211130,Ambodivoara,
commune_4209172,4209172,Ambodivongo,
commune_1313190,1313190,Ambohibahoaka Ankisabe,
commune_1106450,1106450,Ambohibao Nord,
commune_1106430,1106430,Ambohibao Sud,
commune_1106050,1106050,Ambohibary,
commune_1107310,1107310,Ambohibary,
commune_1218331,1218331,Ambohibary,
commune_3314030,3314030,Ambohibary,
commune_51803,51803,AMBOHIBE,
commune_3215050,3215050,Ambohibe,
commune_1216130,1216130,Ambohiborona,
commune_1218130,1218130,Ambohidranandriana,
commune_1117050,1117050,Ambohidrapeto,
commune_1103010,1103010,Ambohidratrimo,
commune_3314170,3314170,Ambohidronono,
commune_2513270,2513270,Ambohigogo,
commune_3312090,3312090,Ambohijanahary,
commune_1117350,1117350,Ambohijanaka,
commune_2105230,2105230,Ambohimahamasina,
commune_2108010,2108010,Ambohimahasoa,
commune_5120110,5120110,Ambohimahavelona,
commune_2223030,2223030,Ambohimahazo,
commune_5216032,5216032,Ambohimalaza,
commune_7211059,7211059,Ambohimalaza,
commune_1102230,1102230,Ambohimalaza Miray,
commune_2517090,2517090,Ambohimana,
commune_1102050,1102050,Ambohimanambola,
commune_1209250,1209250,Ambohimanambola,
commune_3106270,3106270,Ambohimanana,
commune_1107130,1107130,Ambohimanarina Marovazaha,
commune_1214110,1214110,Ambohimandroso,
commune_2105071,2105071,Ambohimandroso,
commune_2513330,2513330,Ambohimandroso,
commune_3312170,3312170,Ambohimandroso I,
commune_1305230,1305230,Ambohimandry,
commune_2306130,2306130,Ambohimanga Atsimo,
commune_1102319,1102319,Ambohimanga Rova,
commune_1102099,1102099,Ambohimangakely,
commune_1103270,1103270,Ambohimanjaka,
commune_7119232,7119232,Ambohimarina,
commune_1209270,1209270,Ambohimasina,
commune_1305270,1305270,Ambohimasina,
commune_7119050,7119050,Ambohimena,
commune_1115091,1115091,Ambohimiadana,
commune_2309190,2309190,Ambohimiarina II,
commune_1218150,1218150,Ambohimiarivo,
commune_2306090,2306090,Ambohimiera,
commune_2223070,2223070,Ambohimilanja,
commune_3109090,3109090,Ambohimilanja,
commune_1107330,1107330,Ambohimirary,
commune_2311092,2311092,Ambohimisafy,
commune_2203490,2203490,Ambohimitombo I,
commune_2203570,2203570,Ambohimitombo II,
commune_7211210,7211210,Ambohimitsinjo,
commune_2108230,2108230,Ambohinamboarina,
commune_2309310,2309310,Ambohinihaonana,
commune_4103030,4103030,Ambohipaky,
commune_1305290,1305290,Ambohipandrano,
commune_1103370,1103370,Ambohipihaonana,
commune_1210050,1210050,Ambohipihaonana,
commune_2223090,2223090,Ambohipo,
commune_4210330,4210330,Ambohisoa,
commune_4223050,4223050,Ambohitoaka,
commune_1214179,1214179,Ambohitompoina,
commune_7210210,7210210,Ambohitralanana,
commune_1305050,1305050,Ambohitrambo,
commune_1106230,1106230,Ambohitrandriamanitra,
commune_7119390,7119390,Ambohitrandriana,
commune_3312051,3312051,Ambohitrarivo,
commune_1103130,1103130,Ambohitrimanjaka,
commune_1106370,1106370,Ambohitrolomahitsy,
commune_1104050,1104050,file:///home/bozelenina/Videos/commune.zip,
commune_1419071,1419071,Ambohitromby,
commune_1106290,1106290,Ambohitrony,
commune_2309530,2309530,Ambohitsara Est,
commune_2310130,2310130,Ambohitsara M,
commune_1106271,1106271,Ambohitseheno,
commune_3313070,3313070,Ambohitsilaozana,
commune_1218170,1218170,Ambohitsimanova,
commune_4212170,4212170,Ambolidibe Atsinanana,
commune_4211030,4211030,Ambolobozo,
commune_4402072,4402072,Ambolodia Sud,
commune_5120150,5120150,Ambolofoty,
commune_2311012,2311012,Ambolomadinika,
commune_4106051,4106051,Ambolomoty,
commune_1104170,1104170,Ambolotarakely,
commune_5216050,5216050,Ambonaivo,
commune_5216091,5216091,Ambondro,
commune_4105112,4105112,Ambondromamy,
commune_2202090,2202090,Ambondromisotra,
commune_2120410,2120410,Ambondrona,
commune_7113310,7113310,Ambondrona,
commune_1107099,1107099,Ambongamarina,
commune_2514211,2514211,Ambongo,
commune_7216270,7216270,Amboriala,
commune_2202130,2202130,Amborompotsy,
commune_5107050,5107050,Amborompotsy,
commune_5112070,5112070,Amboronabo,
commune_4210392,4210392,Amborondolo,
commune_2310430,2310430,Amborondra,
commune_2203010,2203010,Ambositra,
commune_2203030,2203030,Ambositra II,
commune_2310313,2310313,Ambotaka,
commune_5216011,5216011,Ambovombe,
commune_2223010,2223010,Ambovombe Afovoany,
commune_4214110,4214110,Ambovonomby,
commune_7210030,7210030,Ampahana,
commune_1305070,1305070,Ampahimanga,
commune_1117370,1117370,Ampahitrosy,
commune_4402130,4402130,Ampako,
commune_5216152,5216152,Ampamata,
commune_7210310,7210310,Ampanavoana,
commune_4308130,4308130,Ampandrana,
commune_4213051,4213051,Ampandriankilandy,
commune_3317031,3317031,Ampandroantraka,
commune_7216231,7216231,Ampanefena,
commune_1117270,1117270,Ampanefy,
commune_1106410,1106410,Ampaneva,
commune_1103190,1103190,Ampangabe,
commune_7118002,7118002,Ampangorina,
commune_5409070,5409070,Ampanihy,
commune_5411032,5411032,Ampanihy,
commune_5107010,5107010,Ampanihy Andrefana,
commune_1103210,1103210,Ampanotokana,
commune_3312011,3312011,Amparafaravola,
commune_1313131,1313131,Amparaky Sarodrivotra,
commune_1107250,1107250,Amparatanjona,
commune_1313250,1313250,Amparibohitra,
commune_3313192,3313192,Amparihitsokatra,
commune_4209092,4209092,Amparihy,
commune_2514331,2514331,Amparihy Atsinanana,
commune_1313030,1313030,Ampary,
commune_3312210,3312210,Ampasikely,
commune_3107190,3107190,Ampasimadinika,
commune_3110091,3110091,Ampasimadinika Manambolo,
commune_2514031,2514031,Ampasimalemy,
commune_3317012,3317012,Ampasimaneva,
commune_2310311,2310311,Ampasimanjeva,
commune_4223110,4223110,Ampasimatera,
commune_51804,51804,AMPASIMAZAVA,
commune_3107172,3107172,Ampasimazava,
commune_3215070,3215070,Ampasimazava,
commune_3106172,3106172,Ampasimbe,
commune_3110170,3110170,Ampasimbe,
commune_3205150,3205150,Ampasimbe Manantsatrana,
commune_2310532,2310532,Ampasimboraka,
commune_5315230,5315230,Ampasimena,
commune_2310490,2310490,Ampasimpotsy,
commune_3314050,3314050,Ampasimpotsy Gara,
commune_3314292,3314292,Ampasimpotsy Mandialaza,
commune_3205070,3205070,Ampasina Maningory,
commune_2307170,2307170,Ampasinambo,
commune_5315031,5315031,Ampasy Nahampoana,
commune_2514132,2514132,Ampataka,
commune_4210350,4210350,Ampatakamaroreny,
commune_1208002,1208002,Ampatana Mandriakeniheny,
commune_1313090,1313090,Ampefy,
commune_7216330,7216330,Ampisikinana,
commune_3110290,3110290,Ampisokina,
commune_2108030,2108030,Ampitana,
commune_1117011,1117011,Ampitatafika,
commune_1214050,1214050,Ampitatafika,
commune_3313050,3313050,Ampitatsimo,
commune_7210050,7210050,Ampohibe,
commune_7216030,7216030,Ampondra,
commune_7117050,7117050,Ampondralava,
commune_2513190,2513190,Amporoforo,
commune_3110270,3110270,Amporoforo,
commune_7117232,7117232,Anaborano Ifasy,
commune_4213070,4213070,Anahidrano,
commune_5120390,5120390,Anakao,
commune_5408079,5408079,Analaiva,
commune_4211011,4211011,Analalava,
commune_2416090,2416090,Analaliry,
commune_7211190,7211190,Analamaho,
commune_5216230,5216230,Analamary,
commune_5315252,5315252,Analamary,
commune_5317110,5317110,Analamary,
commune_5120330,5120330,Analamisampy,
commune_2306150,2306150,Analampasina,
commune_5315112,5315112,Analampatsy,
commune_1107190,1107190,Analaroa,
commune_2416210,2416210,Analavoka,
commune_1312110,1312110,Analavory,
commune_2310710,2310710,Analavory,
commune_4214130,4214130,Analila,
commune_2517013,2517013,Anandravy,
commune_51216,51216,ANANDRIVOLA,
commune_3203210,3203210,Anandrivola,
commune_4421050,4421050,Andabotoka Antsakoalamoty,
commune_3314350,3314350,Andaingo,
commune_2517170,2517170,Andakana,
commune_2223131,2223131,Andakatanikely,
commune_2223190,2223190,Andakatany,
commune_5216151,5216151,Andalatanosy,
commune_5112111,5112111,Andamasiny Vineta,
commune_7210290,7210290,Andampy,
commune_7212010,7212010,Andapa CU,
commune_51604,51604,ANDAPAFITO,
commune_3218070,3218070,Andapafito,
commune_2307230,2307230,Andara,
commune_51805,51805,ANDASIBE,
commune_3204170,3204170,Andasibe,
commune_3215110,3215110,Andasibe,
commune_3314070,3314070,Andasibe,
commune_4316052,4316052,Andasibe,
commune_3106252,3106252,Andekaleka,
commune_2312190,2312190,Andemaka,
commune_3106090,3106090,Andevoranto,
commune_3316011,3316011,Andilamena,
commune_3312250,3312250,Andilana Nord,
commune_3313151,3313151,Andilanatoby,
commune_5410013,5410013,Andimaky Manambolo,
commune_2203090,2203090,Andina Firaisana,
commune_2306250,2306250,Andiolava,
commune_2416192,2416192,Andiolava,
commune_4210290,4210290,Andohajango,
commune_1117170,1117170,Andoharanofotsy,
commune_2120270,2120270,Andoharanomaitso,
commune_1115032,1115032,Andohariana,
commune_1312210,1312210,Andolofotsy,
commune_2309290,2309290,Andonabe,
commune_3109050,3109050,Andonabe Atsimo,
commune_3110210,3110210,Andondabe,
commune_7216210,7216210,Andrafainkona,
commune_7113110,7113110,Andrafiabe,
commune_7211330,7211330,Andrahanjo,
commune_2105072,2105072,Andrainjato,
commune_2101004,2101004,Andrainjato Atsimo,
commune_2101003,2101003,Andrainjato Avaratra,
commune_2120011,2120011,Andrainjato Centre,
commune_2120012,2120012,Andrainjato Est,
commune_7212130,7212130,Andrakata,
commune_1115010,1115010,Andramasina,
commune_4422030,4422030,Andramy,
commune_2309210,2309210,Andranambolava,
commune_4115072,4115072,Andranoboka,
commune_3110230,3110230,Andranobolaha,
commune_5315113,5315113,Andranobory,
commune_7113191,7113191,Andranofanjava,
commune_4105052,4105052,Andranofasika,
commune_1214090,1214090,Andranofito,
commune_51202,51202,ANDRANOFOTSY,
commune_3203051,3203051,Andranofotsy,
commune_5120370,5120370,Andranohinaly,
commune_2515031,2515031,Andranolalina,
commune_5112130,5112130,Andranolava,
commune_1209030,1209030,Andranomafana,
commune_5105050,5105050,Andranomafana,
commune_4105150,4105150,Andranomamy,
commune_1218110,1218110,Andranomanelatra,
commune_5106190,5106190,Andranomangatsiaka,
commune_2309550,2309550,Andranomavo,
commune_4103050,4103050,Andranomavo,
commune_7212190,7212190,Andranomena,
commune_4209091,4209091,Andranomeva,
commune_1104270,1104270,Andranomiady,
commune_1216090,1216090,Andranomiady,
commune_2120292,2120292,Andranomiditra,
commune_1117030,1117030,Andranonahoatra,
commune_5402110,5402110,Andranopasy,
commune_4421192,4421192,Andranovao,
commune_1210330,1210330,Andranovelona,
commune_7113170,7113170,Andranovondronina,
commune_2120310,2120310,Andranovorivato,
commune_5120270,5120270,Andranovory,
commune_4210470,4210470,Andratamarina,
commune_7211250,7211250,Andratamarina (Fir Antsiradrano),
commune_1210150,1210150,Andravola Vohipeno A.,
commune_7216190,7216190,Andravory,
commune_4421090,4421090,Andrea,
commune_4213172,4213172,Andreba,
commune_3312152,3312152,Andrebakely I,
commune_3312230,3312230,Andrebakely II,
commune_1209490,1209490,Andrembesoa,
commune_7211550,7211550,Andrembona,
commune_4211130,4211130,Andriambavontsona,
commune_1210110,1210110,Andriambilany,
commune_4308150,4308150,Andriamena,
commune_2120630,2120630,Andriamizaha,
commune_5317330,5317330,Andriandampy,
commune_4304171,4304171,Andriba,
commune_51212,51212,ANDRODRONA,
commune_1117410,1117410,Androhibe,
commune_5107230,5107230,Androka,
commune_3313193,3313193,Andromba,
commune_3203152,3203152,Androndrona,
commune_2306070,2306070,Androrangavola,
commune_2307152,2307152,Androrangavola,
commune_3109131,3109131,Androrangavola,
commune_1411190,1411190,Androtra Anosy,
commune_1107290,1107290,Androvakely,
commune_2120330,2120330,Androy,
commune_4211230,4211230,Angoaka Sud,
commune_2307290,2307290,Angodogondona,
commune_2514112,2514112,Anilobe,
commune_3106050,3106050,Anivorano Atsinanana,
commune_7113230,7113230,Anivorano Avaratra,
commune_5218290,5218290,Anivorano Mitsinjo,
commune_5218050,5218050,Anja Avaratra,
commune_3106290,3106290,Anjahamana,
commune_51806,51806,ANJAHAMBE,
commune_3215091,3215091,Anjahambe,
commune_51203,51203,ANJAHANA,
commune_3203110,3203110,Anjahana,
commune_4213052,4213052,Anjalazala,
commune_1103410,1103410,Anjanadoria,
commune_7211230,7211230,Anjangoveratra,
commune_5214110,5214110,Anjapaly,
commune_5216012,5216012,Anjeke-Ankilikira,
commune_1106190,1106190,Anjepy,
commune_1102390,1102390,Anjeva Gara,
commune_4210310,4210310,Anjiabe,
commune_7117171,7117171,Anjiabe Ambony,
commune_4105090,4105090,Anjiajia,
commune_7211470,7211470,Anjialava,
commune_7212330,7212330,Anjialavabe,
commune_4213110,4213110,Anjiamangirana,
commune_7211150,7211150,Anjinjaomby,
commune_2105090,2105090,Anjoma,
commune_3101002,3101002,Anjoma,
commune_2120470,2120470,Anjoma Itsara,
commune_2223050,2223050,Anjoma Nandihizana,
commune_1209450,1209450,Anjoma Ramartina,
commune_2223110,2223110,Anjoman'Ankona,
commune_1107019,1107019,Anjozorobe,
commune_4214250,4214250,Anjozoromadosy,
commune_1102039,1102039,Ankadikely Ilafy,
commune_1117290,1117290,Ankadimanga,
commune_3203031,3203031,Ankadimbazaha Anjanazana,
commune_51204,51204,ANKADIMBAZAHA-ANJANAZANA,
commune_1102430,1102430,Ankadinandriana,
commune_1411090,1411090,Ankadinondry Sakay,
commune_2108090,2108090,Ankafina,
commune_5410111,5410111,Ankalalobe,
commune_2105211,2105211,Ankaramena,
commune_5315090,5315090,Ankaramena,
commune_4211170,4211170,Ankaramibe,
commune_4210430,4210430,Ankaramy,
commune_2513350,2513350,Ankarana Miraihina,
commune_5218030,5218030,Ankaranabo Avaratra,
commune_1313150,1313150,Ankaranana Tiafandrosoana,
commune_1117190,1117190,Ankaraobato,
commune_4106150,4106150,Ankaraobato,
commune_5315270,5315270,Ankariera,
commune_2312090,2312090,Ankarimbary,
commune_2311111,2311111,Ankarimbelo,
commune_2120150,2120150,Ankarinarivo Manirisoa,
commune_2204130,2204130,Ankarinoro,
commune_4212190,4212190,Ankarongana,
commune_7113210,7113210,Ankarongana,
commune_4402090,4402090,Ankasakasa,
commune_7119350,7119350,Ankatafa,
commune_2309510,2309510,Ankatafana,
commune_5411130,5411130,Ankavandra,
commune_5105010,5105010,Ankazoabo Atsimo,
commune_2203050,2203050,Ankazoambo,
commune_1104010,1104010,Ankazobe,
commune_5106390,5106390,Ankazomanga Ouest,
commune_5106410,5106410,Ankazombalala,
commune_4106090,4106090,Ankazomborona,
commune_1209310,1209310,Ankazomiriotra,
commune_1106351,1106351,Ankazondandy,
commune_4214310,4214310,Ankazotokana,
commune_3108150,3108150,Ankazotsifantatra,
commune_2515012,2515012,Ankazovelo,
commune_2108050,2108050,Ankerana,
commune_1411110,1411110,Ankerana Avaratra,
commune_4213030,4213030,Ankerika,
commune_7113130,7113130,Anketrakabe,
commune_4210370,4210370,Ankiabe-Salohy,
commune_7212050,7212050,Ankiakabe Avaratra,
commune_4210530,4210530,Ankiakabe-Fonoka,
commune_4105051,4105051,Ankijabe,
commune_5402090,5402090,Ankiliabo,
commune_5120310,5120310,Ankililoaka,
commune_5120170,5120170,Ankilimalinike,
commune_5107130,5107130,Ankilimivory,
commune_5106450,5106450,Ankilivalo,
commune_5409030,5409030,Ankilivalo,
commune_5107070,5107070,Ankilizato,
commune_5409091,5409091,Ankilizato,
commune_2416031,2416031,Ankily,
commune_7119150,7119150,Ankingameloka,
commune_3101005,3101005,Ankirihiry,
commune_4105130,4105130,Ankirihitra,
commune_4223130,4223130,Ankiririky,
commune_4421110,4421110,Ankisatra,
commune_51205,51205,ANKOFA,
commune_3203070,3203070,Ankofa,
commune_51217,51217,ANKOFABE,
commune_3203190,3203190,Ankofabe,
commune_5411210,5411210,Ankondromena,
commune_5120290,5120290,Ankoraobato Milenaky,
commune_2120552,2120552,Ankoromalaza Mifanasoa,
commune_5410152,5410152,Ankororoky,
commune_5411071,5411071,Ankotrofotsy,
commune_2312290,2312290,Anolaka,
commune_5402050,5402050,Anontsibe Sakalava,
commune_2310670,2310670,Anorombato,
commune_3312052,3312052,Anororo,
commune_7119310,7119310,Anorotsangana,
commune_5107030,5107030,Anosa (Ankiliabo),
commune_1103030,1103030,Anosiala,
commune_2310052,2310052,Anosiala,
commune_3109132,3109132,Anosiarivo,
commune_1209510,1209510,Anosiarivo Manapa,
commune_3317011,3317011,Anosibe An'Ala,
commune_1312151,1312151,Anosibe Ifanja,
commune_3314091,3314091,Anosibe Ifody,
commune_1115170,1115170,Anosibe Trimoloharano,
commune_5411033,5411033,Anosimena,
commune_2309450,2309450,Anosimparihy,
commune_4106032,4106032,Anosinalain'olona,
commune_2513050,2513050,Anosivelo,
commune_1117012,1117012,Anosizato Andrefana,
commune_2513070,2513070,Anosy,
commune_7212290,7212290,Anoviara,
commune_7119190,7119190,Antafiambotry,
commune_1210292,1210292,Antakasina,
commune_1104190,1104190,Antakavana,
commune_3203052,3203052,Antakotaka,
commune_51210,51210,ANTAKOTAKO,
commune_7210010,7210010,Antalaha CU,
commune_5107110,5107110,Antaly,
commune_2418030,2418030,Antambohobe,
commune_1218370,1218370,Antanambao,
commune_2307270,2307270,Antanambao,
commune_1209430,1209430,Antanambao Ambary,
commune_4106033,4106033,Antanambao Andranolava,
commune_3107090,3107090,Antanambao Mahatsara,
commune_3111010,3111010,Antanambao Manampotsy,
commune_51104,51104,ANTANAMBAOBE,
commune_3204030,3204030,Antanambaobe,
commune_4210410,4210410,Antanambaon'Amberina,
commune_51105,51105,ANTANAMBE,
commune_3204110,3204110,Antanambe,
commune_2312310,2312310,Antanambo,
commune_7113270,7113270,Antanamitarana,
commune_7210110,7210110,Antananambo,
commune_10101,10101,ANTANANARIVO,
commune_1101001,1101001,Antananarivo I,commune_10101
commune_1101002,1101002,Antananarivo II,commune_10101
commune_1101003,1101003,Antananarivo III,commune_10101
commune_1101004,1101004,Antananarivo IV,commune_10101
commune_1101005,1101005,Antananarivo V,commune_10101
commune_1101006,1101006,Antananarivo VI,commune_10101
commune_3313194,3313194,Antanandava,
commune_3314310,3314310,Antanandava,
commune_4210030,4210030,Antanandava,
commune_3111070,3111070,Antanandehibe,
commune_3204210,3204210,Antananivo,
commune_4214032,4214032,Antananivo Haut,
commune_3317051,3317051,Antandrokomby,
commune_1103350,1103350,Antanetibe,
commune_1107211,1107211,Antanetibe,
commune_1313110,1313110,Antanetibe,
commune_1117230,1117230,Antanetikely,
commune_3314293,3314293,Antaniditra,
commune_51605,51605,ANTANIFOTSY,
commune_1214010,1214010,Antanifotsy,
commune_3218030,3218030,Antanifotsy,
commune_1218070,1218070,Antanimandry,
commune_4106112,4106112,Antanimasaka,
commune_1210230,1210230,Antanimasaka Tsaramiafara,
commune_4316030,4316030,Antanimbaribe,
commune_4304092,4304092,Antanimbary,
commune_5120191,5120191,Antanimena,
commune_3316031,3316031,Antanimenabaka,
commune_5104130,5104130,Antanimieva,
commune_5216130,5216130,Antanimora Atsimo,
commune_2522032,2522032,Antaninarenina,
commune_2306012,2306012,Antaretra,
commune_2309570,2309570,Antaretra,
commune_5214071,5214071,Antaritarika,
commune_1103070,1103070,Antehiroka,
commune_1305213,1305213,Antenimbe,
commune_51606,51606,ANTENINA,
commune_3110192,3110192,Antenina,
commune_3218130,3218130,Antenina,
commune_3110030,3110030,Antetezambaro,
commune_2513630,2513630,Antevato,
commune_2310510,2310510,Anteza,
commune_7211390,7211390,Antindra,
commune_1312230,1312230,Antoby Est,
commune_2311150,2311150,Antodinga,
commune_2203410,2203410,Antoetra,
commune_5106070,5106070,Antohabato,
commune_1209190,1209190,Antohobe,
commune_2517072,2517072,Antokonala,
commune_7210070,7210070,Antombana,
commune_2522012,2522012,Antondabe,
commune_5104070,5104070,Antongo Vaovao,
commune_4107030,4107030,Antongomena Bevary,
commune_4211190,4211190,Antonibe,
commune_1104070,1104070,Antotohazo,
commune_1115190,1115190,Antotohazo,
commune_7119091,7119091,Antranokarany,
commune_4213150,4213150,Antsahabe,
commune_1103252,1103252,Antsahafilo,
commune_1106272,1106272,Antsahalalina,
commune_1214199,1214199,Antsahalava,
commune_7212350,7212350,Antsahamena,
commune_7113050,7113050,Antsahampano,
commune_7210090,7210090,Antsahanoro,
commune_7216232,7216232,Antsaharavibe,
commune_7211510,7211510,Antsahavaribe,
commune_4421210,4421210,Antsaidoha Bebao,
commune_4212210,4212210,Antsakabary,
commune_4212130,4212130,Antsakanalabe,
commune_7119110,7119110,Antsakoamanondro,
commune_5218070,5218070,Antsakoamaro,
commune_7113152,7113152,Antsalaka,
commune_4420010,4420010,Antsalova,
commune_4214050,4214050,Antsamaka,
commune_7211310,7211310,Antsambaharo (Fir Andasibe),
commune_7210250,7210250,Antsambalahy,
commune_1210270,1210270,Antsampandrano,
commune_1214290,1214290,Antsampandrano,
commune_1216030,1216030,Antsampanimahazo,
commune_3313112,3313112,Antsangasanga,
commune_1218230,1218230,Antsaontany,
commune_7117130,7117130,Antsaravibe,
commune_4210230,4210230,Antsatramidola,
commune_7119070,7119070,Antsatsaka,
commune_5106490,5106490,Antsavoa,
commune_1208001,1208001,Antsenakely Andraikiba,
commune_2309150,2309150,Antsenavolo,
commune_2513530,2513530,Antseranambe,
commune_4107012,4107012,Antseza,
commune_4304091,4304091,Antsiafabositra,
commune_3205210,3205210,Antsiatsiaka,
commune_4210450,4210450,Antsiatsiaka,
commune_2306110,2306110,Antsindra,
commune_7119330,7119330,Antsirabe,
commune_4210110,4210110,Antsirabe Afovoany,
commune_1208004,1208004,Antsirabe Afovoany A.,
commune_7216310,7216310,Antsirabe Avaratra,
commune_51209,51209,ANTSIRABE SAHATANY,
commune_3203132,3203132,Antsirabe Sahatany,
commune_7118001,7118001,Antsirambazaha Hell-Ville,
commune_7115001,7115001,Antsiranana Afovoany,
commune_7115002,7115002,Antsiranana Andrefana,
commune_7115003,7115003,Antsiranana Atsinanana,
commune_2416290,2416290,Antsoha,
commune_4210050,4210050,Antsoha,
commune_5410132,5410132,Antsoha,
commune_7113290,7113290,Antsoha,
commune_7117150,7117150,Antsohimbondrona,
commune_4421150,4421150,Antsondrodava,
commune_1209090,1209090,Antsoso,
commune_1305030,1305030,Arivonimamo Rural,
commune_1305010,1305010,Arivonimamo Urbaine,
commune_au,AU,Autres communes,
commune_1103430,1103430,Avaratsena,
commune_1106470,1106470,Avaratsena,
commune_5104150,5104150,Basibasy,
commune_5213110,5213110,Beabobo,
commune_5107190,5107190,Beahitse,
commune_7212150,7212150,Bealampona,
commune_4214010,4214010,Bealanana,
commune_5317292,5317292,Beampombo II,
commune_3312113,3312113,Beanana,
commune_4214031,4214031,Beandrarezona,
commune_5106030,5106030,Beantake,
commune_5317190,5317190,Beapombo I,
commune_4421232,4421232,Bebaboka Sud,
commune_3312012,3312012,Bedidy,
commune_5104110,5104110,Befandriana Atsimo,
commune_5408159,5408159,Befasy,
commune_2108270,2108270,Befeta,
commune_2307190,2307190,Befody,
commune_3314190,3314190,Beforona,
commune_2522011,2522011,Befotaka,
commune_3108190,3108190,Befotaka,
commune_5409052,5409052,Befotaka,
commune_4211050,4211050,Befotaka Avaratra,
commune_2421050,2421050,Begogo,
commune_5319030,5319030,Behara,
commune_2522070,2522070,Beharena,
commune_5402030,5402030,Beharona,
commune_4316090,4316090,Behazomaty,
commune_5120358,5120358,Beheloke,
commune_1210250,1210250,Behenjy Afovoany,
commune_5103050,5103050,Behisatsy,
commune_5120072,5120072,Behompy,
commune_3313152,3313152,Bejofo,
commune_4308030,4308030,Bekapaika,
commune_2514032,2514032,Bekaraoky,
commune_2310291,2310291,Bekatra,
commune_4107091,4107091,Bekipay,
commune_5218230,5218230,Bekitro,
commune_4115071,4115071,Bekobay,
commune_4402071,4402071,Bekodoka,
commune_2522052,2522052,Bekofafa Sud,
commune_4420090,4420090,Bekopaka,
commune_4223070,4223070,Bekoratsaka,
commune_5317250,5317250,Bekorobo,
commune_5107170,5107170,Belafike Ambony,
commune_5120030,5120030,Belalanda,
commune_7216350,7216350,Belambo,
commune_1210130,1210130,Belambo Firaisana,
commune_5106311,5106311,Belamoty,
commune_1107212,1107212,Belanitra,
commune_1214310,1214310,Belanitra,
commune_7212270,7212270,Belaoka Lokoho,
commune_7212070,7212070,Belaoka Marovato,
commune_3314130,3314130,Belavabary,
commune_1218030,1218030,Belazao,
commune_2311032,2311032,Belemoka,
commune_5218170,5218170,Belindo Mahasoa,
commune_4421170,4421170,Belitsaka,
commune_5408179,5408179,Belo Mariny Ranomasina,
commune_1411230,1411230,Belobaka,
commune_4115011,4115011,Belobaka,
commune_5213010,5213010,Beloha,
commune_5410011,5410011,Belon'i Tsiribihina,
commune_2514410,2514410,Bema,
commune_4106130,4106130,Bemaharivo,
commune_1411210,1411210,Bemahatazana,
commune_5411031,5411031,Bemahatazana,
commune_3316012,3316012,Bemaitso,
commune_7211350,7211350,Bemanevika,
commune_7119290,7119290,Bemaneviky Andrefana,
commune_7119171,7119171,Bemaneviky Haut Sambirano,
commune_7118004,7118004,Bemanondrobe,
commune_5408059,5408059,Bemanonga,
commune_4417012,4417012,Bemarivo,
commune_5410012,5410012,Bemarivo-ankirondro,
commune_1117070,1117070,Bemasoandro,
commune_5103110,5103110,Bemavo,
commune_4304050,4304050,Bemokotra,
commune_4421250,4421250,Bemokotra Sud,
commune_5317150,5317150,Benato Toby,
commune_7119030,7119030,Benavony,
commune_5121010,5121010,Benenitra,
commune_3314330,3314330,Beparasy,
commune_5218251,5218251,Beraketa,
commune_7117190,7117190,Beramanja,
commune_4304032,4304032,Beratsimanina,
commune_4422050,4422050,Beravina,
commune_5112090,5112090,Bereketa,
commune_5105070,5105070,Berenty,
commune_2513250,2513250,Beretra Bevoay,
commune_5410131,5410131,Berevo,
commune_4421231,4421231,Berevo Ranobe,
commune_5410170,5410170,Beroboka Nord,
commune_1107370,1107370,Beronono,
commune_5409150,5409150,Beronono,
commune_5103010,5103010,Beroroha,
commune_5107270,5107270,Beroy Atsimo,
commune_5101006,5101006,Besakoa,
commune_5218310,5218310,Besakoa,
commune_4402010,4402010,Besalampy,
commune_5106130,5106130,Besely,
commune_2105150,2105150,Besoa,
commune_1209010,1209010,Betafo,
commune_4316051,4316051,Betaimboay,
commune_2310730,2310730,Betampona,
commune_3109030,3109030,Betampona,
commune_4421070,4421070,Betanatanana,
commune_5101005,5101005,Betania,
commune_5214030,5214030,Betanty (Faux cap),
commune_4223170,4223170,Betaramahamay,
commune_1107150,1107150,Betatao,
commune_5218190,5218190,Beteza,
commune_5106010,5106010,Betioky Atsimo,
commune_1106330,1106330,Betoho,
commune_4308070,4308070,Betrandraka,
commune_5317010,5317010,Betroka,
commune_4115032,4115032,Betsako,
commune_7212250,7212250,Betsakotsako,
commune_7117210,7117210,Betsiaka,
commune_2204192,2204192,Betsimisotra,
commune_5120050,5120050,Betsinjaka,
commune_5411170,5411170,Betsipolitra,
commune_3108012,3108012,Betsizaraina,
commune_1209470,1209470,Betsohana,
commune_2514251,2514251,Bevata,
commune_1411070,1411070,Bevato,
commune_5218270,5218270,Bevitiky,
commune_5315210,5315210,Bevoay,
commune_7211530,7211530,Bevonotra,
commune_5106150,5106150,Bezaha,
commune_4115012,4115012,Boanamary,
commune_7113330,7113330,Bobakilandy,
commune_7216090,7216090,Bobakindro,
commune_7113251,7113251,Bobasakoa,
commune_1117390,1117390,Bongatsara,
commune_4209010,4209010,Boriziny Vaovao I,
commune_4209032,4209032,Boriziny Vaovao II,
commune_4308190,4308190,Brieville,
commune_4213010,4213010,C.U Antsohihy,
commune_4212010,4212010,C.U Befandriana Avaratra,
commune_4101009,4101009,C.U Mahajanga,
commune_4210010,4210010,C.U Mandritsara,
commune_2108252,2108252,Camp Robin,
commune_5411012,5411012,Dabolava,
commune_7216110,7216110,Daraina,
commune_3313170,3313170,Didy,
commune_7119092,7119092,Djangoa,
commune_7212310,7212310,Doany,
commune_1313012,1313012,Dondona,
commune_7118005,7118005,Dzamandzary,
commune_5319290,5319290,Ebelo,
commune_2513430,2513430,Efatsy Anandroza,
commune_5121050,5121050,Ehara,
commune_5107150,5107150,Ejeda,
commune_5319150,5319150,Elonty,
commune_5315290,5315290,Emagnombo,
commune_5315170,5315170,Enakara,
commune_5315151,5315151,Enaniliha,
commune_5216013,5216013,Erada,
commune_5319170,5319170,Esira,
commune_2513390,2513390,Etrotroka,
commune_2513370,2513370,Evato,
commune_2203190,2203190,Fahizay Ambatolahimasina,
commune_7216050,7216050,Fanambana,
commune_3110050,3110050,Fanandrana,
commune_3106190,3106190,Fanasana,
commune_2120430,2120430,Fandrandava,
commune_2204010,2204010,Fandriana,
commune_2120530,2120530,Fanjakana,
commune_5103030,5103030,Fanjakana,
commune_2513010,2513010,Farafangana,
commune_7211079,7211079,Farahalana,
commune_1216010,1216010,Faratsiho,
commune_2306170,2306170,Fasintsara,
commune_2514290,2514290,Fenoambany,
commune_5106230,5106230,Fenoandala,
commune_1117311,1117311,Fenoarivo,
commune_2105290,2105290,Fenoarivo,
commune_2202050,2202050,Fenoarivo,
commune_2513510,2513510,Fenoarivo,
commune_1419010,1419010,Fenoarivo Afovoany,
commune_3205010,3205010,Fenoarivo Atsinanana C.U,
commune_5315152,5315152,Fenoevo,
commune_2310390,2310390,Fenomby,
commune_3313031,3313031,Feramanga Avaratra,
commune_3106130,3106130,Fetraomby,
commune_1103290,1103290,Fiadanana,
commune_1104130,1104130,Fiadanana,
commune_2108290,2108290,Fiadanana,
commune_2204070,2204070,Fiadanana,
commune_2307050,2307050,Fiadanana,
commune_1209350,1209350,Fidirana,
commune_1102279,1102279,Fieferana,
commune_1411310,1411310,Fierenana,
commune_3314270,3314270,Fierenana,
commune_1104090,1104090,Fihaonana,
commune_1117090,1117090,Fiombonana,
commune_1419031,1419031,Firavahana,
commune_2119090,2119090,Fitampito,
commune_3110250,3110250,Fito,
commune_1115130,1115130,Fitsinjovana Bakaro,
commune_5107290,5107290,Fotadrevo,
commune_5105090,5105090,Fotivolo,
commune_51607,51607,FOTSIALANANA,
commune_3218012,3218012,Fotsialanana,
commune_5107210,5107210,Gogogogo,
commune_5315132,5315132,Iaboakoho-Riandava,
commune_2513210,2513210,Iabohazo,
commune_3107290,3107290,Iaborano,
commune_5317270,5317270,Iaborotra,
commune_2421010,2421010,Iakora,
commune_2120072,2120072,Ialanindro,
commune_2517052,2517052,Iamontana,
commune_5317130,5317130,Ianabinda,
commune_5317310,5317310,Ianakafy,
commune_5120131,5120131,Ianantsony (Saint Augustin),
commune_5121031,5121031,Ianapera,
commune_2514230,2514230,Iara,
commune_1103090,1103090,Iarinarivo,
commune_2105050,2105050,Iarintsena,
commune_2120170,2120170,Iavonomby Vohibola,
commune_2306011,2306011,Ifanadiana,
commune_2311071,2311071,Ifanirea,
commune_5315051,5315051,Ifarantsa,
commune_3107210,3107210,Ifasina I,
commune_3107250,3107250,Ifasina II,
commune_2312210,2312210,Ifatsy,
commune_5319090,5319090,Ifotaka,
commune_2203310,2203310,Ihadilalana Ambohinamboar,
commune_2120293,2120293,Ihazoara,
commune_2513550,2513550,Ihorombe,
commune_2416010,2416010,Ihosy,
commune_2119010,2119010,Ikalamavony,
commune_2311011,2311011,Ikongo,
commune_3313090,3313090,Ilafy,
commune_2203290,2203290,Ilaka Afovoany,
commune_3107151,3107151,Ilaka Atsinanana,
commune_2416232,2416232,Ilakaka,
commune_2312230,2312230,Ilakatra,
commune_5105110,5105110,Ilemby,
commune_5216190,5216190,Imanombo,
commune_3313191,3313191,Imerimandroso,
commune_2203110,2203110,Imerina Imady,
commune_1305130,1305130,Imeritsiatosika,
commune_2204230,2204230,Imito,
commune_5214072,5214072,Imongy,
commune_3204190,3204190,Imorona,
commune_1209290,1209290,Inanantonana,
commune_2310452,2310452,Ionilahy,
commune_2416050,2416050,Irina,
commune_2514310,2514310,Isahara,
commune_2108210,2108210,Isaka,
commune_5315052,5315052,Isaka-ivondro,
commune_5411072,5411072,Isalo,
commune_5317291,5317291,Isoanala,
commune_2120370,2120370,Isorana,
commune_5107310,5107310,Itampolo,
commune_1117110,1117110,Itaosy,
commune_5411110,5411110,Itondy,
commune_2202030,2202030,Itremo,
commune_5317090,5317090,Ivahona,
commune_2513110,2513110,Ivandrika,
commune_2203130,2203130,Ivato,
commune_2312051,2312051,Ivato,
commune_2517130,2517130,Ivato,
commune_1103112,1103112,Ivato Aeroport,
commune_1103111,1103111,Ivato Firaisana,
commune_2120071,2120071,Ivoamba,
commune_2120392,2120392,Ivohibato Ouest,
commune_2418010,2418010,Ivohibe,
commune_2515051,2515051,Ivondro Ex-Lavaraty,
commune_2418070,2418070,Ivongo,
commune_2203070,2203070,Ivony Miaramiasa,
commune_5216170,5216170,Jafaro,
commune_5317210,5317210,Jangany,
commune_7113032,7113032,Joffre Ville,
commune_2311112,2311112,Kalafotsy,
commune_2108150,2108150,Kalalao,
commune_4210090,4210090,Kalandy,
commune_4316010,4316010,Kandreho,
commune_2517111,2517111,Karianga,
commune_2514252,2514252,Karimbary,
commune_4107070,4107070,Katsepy,
commune_2306052,2306052,Kelilalina,
commune_4308090,4308090,Keliloha,
commune_1104210,1104210,Kiangara,
commune_2203230,2203230,Kianjandrakefina,
commune_2310570,2310570,Kianjanomby,
commune_2309410,2309410,Kianjavato,
commune_2105110,2105110,Kirano Soamifanaraka,
commune_1419051,1419051,Kiranomena,
commune_4223090,4223090,Komajia,
commune_5213050,5213050,Kopoky,
commune_3314230,3314230,Lakato,
commune_2101006,2101006,Lalazana,
commune_2312110,2312110,Lanivo,
commune_7210230,7210230,Lanjarivo,
commune_5106330,5106330,Lazarivo,
commune_4209111,4209111,Leanja,
commune_2514131,2514131,Lohafary,
commune_3106251,3106251,Lohariandava,
commune_3109170,3109170,Lohavanana,
commune_2310211,2310211,Lokomby,
commune_3317071,3317071,Longozabe,
commune_2514090,2514090,Lopary,
commune_3202002,3202002,Loukintsy,
commune_4304192,4304192,Madiromirafy,
commune_4105070,4105070,Madirovalo,
commune_4209132,4209132,Maevaranohely,
commune_4304010,4304010,Maevatanana,
commune_7119370,7119370,Maevatanana,
commune_4304031,4304031,Maevatanana II,
commune_4421030,4421030,Mafaijijo,
commune_2310451,2310451,Mahabako,
commune_4402110,4402110,Mahabe,
commune_1103310,1103310,Mahabo,
commune_2312070,2312070,Mahabo,
commune_5317170,5317170,Mahabo,
commune_5409010,5409010,Mahabo,
commune_2513310,2513310,Mahabo Mananivo,
commune_5112050,5112050,Mahaboboka,
commune_2120551,2120551,Mahaditra,
commune_4211210,4211210,Mahadrodroka,
commune_2513170,2513170,Mahafasa Afovoany,
commune_1209210,1209210,Mahaiza,
commune_4115091,4115091,Mahajamba Usine,
commune_1419090,1419090,Mahajeby,
commune_7113192,7113192,Mahalina,
commune_5319190,5319190,Mahaly,
commune_2310470,2310470,Mahamaibe,
commune_3205050,3205050,Mahambo,
commune_3108011,3108011,Mahanoro,
commune_3205238,3205238,Mahanoro,
commune_50912,50912,MAHANORO ( CHEF LIEU ),
commune_2416110,2416110,Mahasoa,
commune_5317230,5317230,Mahasoa Atsinanana,
commune_2120291,2120291,Mahasoabe,
commune_2312150,2312150,Mahasoabe,
commune_1411270,1411270,Mahasolo,
commune_1411330,1411330,Mahasolo Maroharona,
commune_5315131,5315131,Mahatalaky,
commune_3106070,3106070,Mahatsara,
commune_2309050,2309050,Mahatsara Atsimo,
commune_2309090,2309090,Mahatsara Iefaka,
commune_2306230,2306230,Mahatsinjo,
commune_2517030,2517030,Mahatsinjo,
commune_4304172,4304172,Mahatsinjo,
commune_1305214,1305214,Mahatsinjo Est,
commune_2120111,2120111,Mahatsinjony,
commune_7113070,7113070,Mahavanona,
commune_5101003,5101003,Mahavatse I,
commune_5101004,5101004,Mahavatse II,
commune_2513150,2513150,Mahavelo,
commune_2517150,2517150,Mahavelo,
commune_1104110,1104110,Mahavelona,
commune_1313170,1313170,Mahavelona,
commune_3203170,3203170,Mahavelona,
commune_3110110,3110110,Mahavelona (Foulpointe),
commune_2309270,2309270,Mahavoky Avaratra,
commune_2203430,2203430,Mahazina Ambohipierenana,
commune_2120610,2120610,Mahazoarivo,
commune_2204170,2204170,Mahazoarivo,
commune_2312270,2312270,Mahazoarivo,
commune_2517051,2517051,Mahazoarivo,
commune_1208006,1208006,Mahazoarivo Avarabohitra,
commune_4304070,4304070,Mahazoma,
commune_2105170,2105170,Mahazony,
commune_2309250,2309250,Mahela,
commune_3111030,3111030,Mahela,
commune_1103330,1103330,Mahereza,
commune_2513290,2513290,Maheriraty,
commune_7119210,7119210,Maherivaratra,
commune_1103150,1103150,Mahitsy,
commune_3107051,3107051,Maintinandry,
commune_4421010,4421010,Maintirano,
commune_3316072,3316072,Maitsokely,
commune_5409130,5409130,Malaimbandy,
commune_4223150,4223150,Malakialina,
commune_2515032,2515032,Maliorano,
commune_4223010,4223010,Mampikony,
commune_4223030,4223030,Mampikony II,
commune_3313111,3313111,Manakambahiny Andrefana,
commune_3313210,3313210,Manakambahiny Atsinanana,
commune_3111090,3111090,Manakana,
commune_4308230,4308230,Manakana,
commune_2309470,2309470,Manakana Avaratra,
commune_2310010,2310010,Manakara Tanambe,
commune_5218130,5218130,Manakompy,
commune_1305211,1305211,Manalalondo,
commune_5106170,5106170,Manalobe,
commune_5315071,5315071,Manambaro,
commune_7117233,7117233,Manambato,
commune_2517012,2517012,Manambidala,
commune_5411092,5411092,Manambina,
commune_51211,51211,MANAMBOLO,
commune_3203032,3203032,Manambolo,
commune_51106,51106,MANAMBOLOSY,
commune_3204050,3204050,Manambolosy,
commune_2514270,2514270,Manambondro,
commune_2513130,2513130,Manambotra Atsimo,
commune_2105030,2105030,Manamisoa,
commune_4210150,4210150,Manampaneva,
commune_2311050,2311050,Manampatrana,
commune_3204011,3204011,Mananara Avaratra,
commune_51107,51107,MANANARA-AVARATRA,
commune_1313050,1313050,Mananasy Tsitakondaza,
commune_5411050,5411050,Manandaza,
commune_1218210,1218210,Manandona,
commune_1102210,1102210,Manandriana,
commune_2108071,2108071,Manandroy,
commune_1103230,1103230,Mananjara,
commune_2309010,2309010,Mananjary,
commune_5315251,5315251,Manantenina,
commune_2517112,2517112,Manantona,
commune_4106111,4106111,Manaratsandry,
commune_5317370,5317370,Manarena,
commune_1312070,1312070,Manazary,
commune_5409110,5409110,Mandabe,
commune_3314291,3314291,Mandialaza,
commune_1312130,1312130,Mandiavato,
commune_1313070,1313070,Mandiavato Masindray,
commune_5315053,5315053,Mandiso,
commune_1209370,1209370,Mandoto,
commune_1209050,1209050,Mandritsara Ambohijato,
commune_5315032,5315032,Mandromodromotra,
commune_5103090,5103090,Mandronarivo,
commune_1115050,1115050,Mandrosoa,
commune_1218332,1218332,Mandrosohasina,
commune_2202150,2202150,Mandrosonoro,
commune_4105170,4105170,Manerinerina,
commune_2120230,2120230,Maneva,
commune_5319210,5319210,Manevy,
commune_3110191,3110191,Mangabe,
commune_4304191,4304191,Mangabe,
commune_1107070,1107070,Mangamila,
commune_7113090,7113090,Mangaoka,
commune_1218190,1218190,Mangarano,
commune_2202170,2202170,Mangataboahangy,
commune_2310590,2310590,Mangatsiotra,
commune_2119030,2119030,Mangidy,
commune_4214150,4214150,Mangindrano,
commune_5107090,5107090,Maniry,
commune_5402010,5402010,Manja,
commune_1106011,1106011,Manjakandriana,
commune_3108070,3108070,Manjakandriana,
commune_1210070,1210070,Manjakatompo Firaisana,
commune_1103251,1103251,Manjakavaradrano,
commune_1208005,1208005,Manodidina Ny Gara A.,
commune_1209150,1209150,Manohisoa,
commune_2101005,2101005,Manolafaka,
commune_5120250,5120250,Manombo Atsimo,
commune_51608,51608,MANOMPANA,
commune_3218110,3218110,Manompana,
commune_5120192,5120192,Manorofify,
commune_7117030,7117030,Mantaly,
commune_1106110,1106110,Mantasoa,
commune_5103070,5103070,Marerano,
commune_4304150,4304150,Maria,
commune_4115050,4115050,Mariarano,
commune_3316051,3316051,Maroadabo,
commune_4213190,4213190,Maroala,
commune_5216072,5216072,Maroalimainte,
commune_5216071,5216071,Maroalopoty,
commune_4212090,4212090,Maroamalona,
commune_7211430,7211430,Maroambihy,
commune_51206,51206,MAROANTSETRA,
commune_3203010,3203010,Maroantsetra C.U,
commune_5106430,5106430,Maroarivo Ankazomanga,
commune_1305215,1305215,Marofangady,
commune_2310051,2310051,Marofarihy,
commune_7210130,7210130,Marofinaritra,
commune_2309330,2309330,Marofototra,
commune_5120210,5120210,Marofoty,
commune_7211270,7211270,Marogaona,
commune_2306190,2306190,Maroharatra,
commune_4421130,4421130,Marohazo,
commune_7211290,7211290,Marojala,
commune_2309110,2309110,Marokarima,
commune_2514350,2514350,Marokibo,
commune_4304210,4304210,Marokoroko,
commune_3109010,3109010,Marolambo,
commune_5213070,5213070,Marolinta,
commune_2311033,2311033,Maromandia,
commune_4211090,4211090,Maromandia,
commune_4421193,4421193,Maromavo,
commune_5319130,5319130,Maromby,
commune_5120090,5120090,Maromiandra,
commune_51807,51807,MAROMITETY,
commune_3215030,3215030,Maromitety,
commune_7216290,7216290,Maromokotra,
commune_1104250,1104250,Marondry,
commune_2418050,2418050,Maropaika,
commune_4106052,4106052,Marosakoa,
commune_2309170,2309170,Marosangy,
commune_5106470,5106470,Marosavoa,
commune_3106230,3106230,Maroseranana,
commune_2203170,2203170,Marosoa,
commune_1411350,1411350,Marotampona,
commune_4210250,4210250,Marotandrano,
commune_2306210,2306210,Marotoko,
commune_4214190,4214190,Marotolana,
commune_7119270,7119270,Marotolana,
commune_4417032,4417032,Marotsialeha,
commune_1107350,1107350,Marotsipoy,
commune_5319250,5319250,Marotsiraka,
commune_2513590,2513590,Marovandrika,
commune_4211150,4211150,Marovantaza,
commune_3316052,3316052,Marovato,
commune_4209150,4209150,Marovato,
commune_5214050,5214050,Marovato,
commune_7119231,7119231,Marovato,
commune_7212110,7212110,Marovato,
commune_5216112,5216112,Marovato-Befeno,
commune_4211110,4211110,Marovatolena,
commune_5218152,5218152,Maroviro,
commune_4106031,4106031,Marovoay Ambanivohitra,
commune_4106010,4106010,Marovoay Ambonivohitra,
commune_4402030,4402030,Marovoay Atsimo,
commune_2522031,2522031,Marovotsika,
commune_5106050,5106050,Masiaboay,
commune_2514152,2514152,Masianaka,
commune_1102410,1102410,Masindray,
commune_4420050,4420050,Masoarivo,
commune_3108090,3108090,Masomeloka,
commune_2514151,2514151,Matanga,
commune_4107050,4107050,Matsakabanja,
commune_7212170,7212170,Matsohely,
commune_4212230,4212230,Matsondakana,
commune_2310330,2310330,Mavorano,
commune_2416250,2416250,Menamaty Iloto,
commune_1106310,1106310,Merikanjaka,
commune_1103171,1103171,Merimandroso,
commune_1106150,1106150,Miadanandriana,
commune_1305330,1305330,Miandrandra,
commune_1216150,1216150,Miandrarivo,
commune_1411130,1411130,Miandrarivo,
commune_5411011,5411011,Miandrivazo,
commune_1104230,1104230,Miantso,
commune_1305310,1305310,Miantsoarivo,
commune_51808,51808,MIARINARIVO,
commune_2105250,2105250,Miarinarivo,
commune_3215130,3215130,Miarinarivo,
commune_3316071,3316071,Miarinarivo,
commune_1312030,1312030,Miarinarivo Suburbaine,
commune_1312010,1312010,Miarinarivo Urbaine,
commune_2204191,2204191,Miarinavaratra,
commune_5120071,5120071,Miary,
commune_5112030,5112030,Miary Lamatihy,
commune_5112012,5112012,Miary teheza,
commune_2515011,2515011,Midongy Atsimo,
commune_5112112,5112112,Mihavatse,
commune_5112170,5112170,Mikoboka,
commune_2204030,2204030,Milamaina,
commune_7216070,7216070,Milanoa,
commune_3205170,3205170,Miorimivalana,
commune_2310270,2310270,Mitanty,
commune_4107011,4107011,Mitsinjo,
commune_5112190,5112190,Mitsinjo,
commune_5120010,5120010,Mitsinjo Betanimena,
commune_2310110,2310110,Mizilo Gara,
commune_5106312,5106312,Montifeno,
commune_51215,51215,MORAFENO,
commune_1305110,1305110,Morafeno,
commune_2108130,2108130,Morafeno,
commune_2309130,2309130,Morafeno,
commune_3203250,3203250,Morafeno,
commune_4212030,4212030,Morafeno,
commune_4304173,4304173,Morafeno,
commune_7211170,7211170,Morafeno,
commune_4422010,4422010,Morafenobe,
commune_3314010,3314010,Moramanga,
commune_1210030,1210030,Morarano,
commune_1305150,1305150,Morarano,
commune_3101003,3101003,Morarano,
commune_3312071,3312071,Morarano Chrome,
commune_3314110,3314110,Morarano Gara,
commune_1419032,1419032,Morarano Marotampona,
commune_5218010,5218010,Morefeno Bekily,
commune_5104010,5104010,Morombe I,
commune_5104030,5104030,Morombe II (Befandefa),
commune_5408010,5408010,Morondava,
commune_2517191,2517191,Moroteza,
commune_7113252,7113252,Mosorolava,
commune_2513610,2513610,Namohora Iaborano,
commune_2309490,2309490,Namorona,
commune_1106170,1106170,Nandihizana,
commune_5317050,5317050,Naninora,
commune_2120190,2120190,Nasandratrony,
commune_2312130,2312130,Nato,
commune_3106310,3106310,Niarovana,
commune_3317053,3317053,Niarovana,
commune_3107152,3107152,Niarovana caroline,
commune_3107132,3107132,Nierenana,
commune_2310312,2310312,Nihaonana,
commune_5214090,5214090,Nikoly,
commune_nd,ND,Non disponible,
commune_7211090,7211090,Nosiarina,
commune_7216170,7216170,Nosibe,
commune_5104090,5104090,Nosy Ambositra,
commune_51501,51501,NOSY BORAHA,
commune_2307010,2307010,Nosy Varika,
commune_2312171,2312171,Onjatsy,
commune_4210550,4210550,Pont Sofia,
commune_1216070,1216070,Ramainandro,
commune_1305216,1305216,Rambolamasoandro,
commune_7113010,7113010,Ramena,
commune_5319310,5319310,Ranobe,
commune_2416231,2416231,Ranohira,
commune_2306051,2306051,Ranomafana,
commune_3106171,3106171,Ranomafana,
commune_5315190,5315190,Ranomafana,
commune_3312072,3312072,Ranomainty,
commune_2514190,2514190,Ranomena,
commune_5315111,5315111,Ranopiso,
commune_2522051,2522051,Ranotsara Atsimo,
commune_2421030,2421030,Ranotsara Avaratra,
commune_1106130,1106130,Ranovao,
commune_51207,51207,RANTABE,
commune_3203151,3203151,Rantabe,
commune_1115031,1115031,Sabotsy Ambohitromby,
commune_3314150,3314150,Sabotsy Anjiro,
commune_1115150,1115150,Sabotsy Manjakavahoaka,
commune_1210210,1210210,Sabotsy Namatoana,
commune_1102079,1102079,Sabotsy Namehana,
commune_1106390,1106390,Sadabe,
commune_7113151,7113151,Sadjoavato,
commune_3109192,3109192,Sahakevo,
commune_2311072,2311072,Sahalanonana,
commune_2312250,2312250,Sahalava,
commune_2513490,2513490,Sahamadio,
commune_2204050,2204050,Sahamadio Fisakana,
commune_3312190,3312190,Sahamamy,
commune_3107070,3107070,Sahamatevina,
commune_3110130,3110130,Sahambala,
commune_2416070,2416070,Sahambano,
commune_2120112,2120112,Sahambavy,
commune_2310650,2310650,Sahanambohitra,
commune_1218270,1218270,Sahanivotry Manandona,
commune_2310531,2310531,Saharefo,
commune_2310150,2310150,Sahasinaka,
commune_51809,51809,SAHATAVY,
commune_3215150,3215150,Sahatavy,
commune_2203450,2203450,Sahatsiho Ambohimanjaka,
commune_2307070,2307070,Sahavato,
commune_2108110,2108110,Sahave,
commune_3111050,3111050,Saivaza,
commune_2416170,2416170,Sakalalina,
commune_5317390,5317390,Sakamahily,
commune_5106350,5106350,Sakamasay,
commune_5112011,5112011,Sakaraha,
commune_7113031,7113031,Sakaramy,
commune_2119110,2119110,Sakay Tanamarina,
commune_5103130,5103130,Sakena,
commune_4308210,4308210,Sakoamadinika,
commune_2310610,2310610,Sakoana,
commune_5106270,5106270,Salobe,
commune_1106030,1106030,Sambaina,
commune_7211010,7211010,Sambava CU,
commune_5319070,5319070,Sampona,
commune_51108,51108,SANDRAKATSY,
commune_3204091,3204091,Sandrakatsy,
commune_2204150,2204150,Sandrandahy,
commune_2514332,2514332,Sandravinany,
commune_2309430,2309430,Sandrohy,
commune_7210150,7210150,Sarahandrano,
commune_3205130,3205130,Saranambana,
commune_5315072,5315072,Sarisambo,
commune_4308110,4308110,Sarobaratra,
commune_1312152,1312152,Sarobaratra Ifanja,
commune_4417031,4417031,Sarodrano,
commune_51109,51109,SAROMAONA,
commune_3204130,3204130,Saromaona,
commune_2416191,2416191,Satrokala,
commune_2312052,2312052,Savana,
commune_2105130,2105130,Sendrisoa,
commune_5410070,5410070,Serinam = Masoarivo,
commune_5216111,5216111,Sihanamaro,
commune_4105190,4105190,Sitampiky,
commune_4420030,4420030,Soahany,
commune_2120050,2120050,Soaindrana,
commune_2515052,2515052,Soakibany Ex-Lavaraty,
commune_4103010,4103010,Soalala,
commune_1117210,1117210,Soalandy,
commune_5120132,5120132,Soalara,
commune_3313231,3313231,Soalazaina,
commune_5411159,5411159,Soaloka,
commune_1312090,1312090,Soamahamanina,
commune_1208003,1208003,Soamalaza Mahatsinjo,
commune_5106210,5106210,Soamanonga,
commune_2514070,2514070,Soamanova,
commune_2416132,2416132,Soamatasy,
commune_4402050,4402050,Soanenga,
commune_1411170,1411170,Soanierana,
commune_5315033,5315033,Soanierana,
commune_3218011,3218011,Soanierana Ivongo,
commune_51609,51609,SOANIERANA-IVONGO,
commune_1218290,1218290,Soanindrariny,
commune_5106250,5106250,Soaserana,
commune_5402070,5402070,Soaserana,
commune_5410151,5410151,Soaserana = Belinta,
commune_2120490,2120490,Soatanana,
commune_5315310,5315310,Soavary,
commune_1312190,1312190,Soavimbazaha,
commune_1117330,1117330,Soavina,
commune_1209130,1209130,Soavina,
commune_2202070,2202070,Soavina,
commune_2307130,2307130,Soavina,
commune_1106352,1106352,Soavinandriana,
commune_1313011,1313011,Soavinandriana,
commune_2119050,2119050,Solila,
commune_2310090,2310090,Sorombo,
commune_2120090,2120090,Taindambo,
commune_2120130,2120130,Talata Ampano,
commune_1104030,1104030,Talata Angavo,
commune_2223150,2223150,Talata Vohimena,
commune_1102379,1102379,Talata Volonondry,
commune_1103050,1103050,Talatamaty,
commune_2108251,2108251,Tamboharivo Sahatona,
commune_4421191,4421191,Tambohorano,
commune_5106090,5106090,Tameantsoa,
commune_1313230,1313230,Tamponala,
commune_2311073,2311073,Tanakambana,
commune_2119150,2119150,Tanamarina Bekisopa,
commune_5103150,5103150,Tanamary,
commune_5106290,5106290,Tanambao Ambony,
commune_3313232,3313232,Tanambao Besakay,
commune_7211490,7211490,Tanambao Daoud,
commune_5101001,5101001,Tanambao I,
commune_5101002,5101002,Tanambao II,
commune_7117070,7117070,Tanambao Marivorahona,
commune_3109210,3109210,Tanambao Rabemanana,
commune_3101004,3101004,Tanambao V,
commune_3312111,3312111,Tanambe,
commune_2101002,2101002,Tanana Ambany,
commune_2101001,2101001,Tanana Ambony,
commune_3316032,3316032,Tanananifololahy,
commune_5218210,5218210,Tanandava,
commune_7212030,7212030,Tanandava,
commune_5319050,5319050,Tanandava Atsimo,
commune_5409051,5409051,Tanandava II Analamitsivalana,
commune_5105030,5105030,Tandrano,
commune_2513230,2513230,Tangainony,
commune_51110,51110,TANIBE,
commune_3204093,3204093,Tanibe,
commune_1117150,1117150,Tanjombato Andafiatsimo,
commune_1115092,1115092,Tankafatra,
commune_5315010,5315010,Taolagnaro,
commune_2310030,2310030,Tataho,
commune_2204110,2204110,Tatamalaza,
commune_3110010,3110010,Toamasina II,
commune_2416270,2416270,Tolohomiady,
commune_2311091,2311091,Tolongoina,
commune_5319270,5319270,Tomboarivo,
commune_5106111,5106111,Tongobory,
commune_2513450,2513450,Tovona,
commune_4420070,4420070,Trangahy,
commune_5319110,5319110,Tranomaro,
commune_5213090,5213090,Tranoroa,
commune_5213030,5213030,Tranovaho,
commune_3317032,3317032,Tratramarina,
commune_1209110,1209110,Tritriva,
commune_7216150,7216150,Tsarabaria,
commune_4209050,4209050,Tsarahasina,
commune_4212110,4212110,Tsarahonenana,
commune_1218350,1218350,Tsarahonenana Sahanivotry,
commune_5317030,5317030,Tsaraitso,
commune_4210510,4210510,Tsarajomoka,
commune_4105111,4105111,Tsaramandroso,
commune_1104150,1104150,Tsaramasoandro,
commune_5410050,5410050,Tsaraotana,
commune_4106070,4106070,Tsararano,
commune_4304111,4304111,Tsararano,
commune_4308050,4308050,Tsararova,
commune_3107270,3107270,Tsarasambo,
commune_2203150,2203150,Tsarasaotra,
commune_1107110,1107110,Tsarasaotra Andona,
commune_3205090,3205090,Tsaratampona (Ambatoharanana),
commune_50909,50909,TSARATAMPONA-I-AMBATOHARANANA,
commune_2306030,2306030,Tsaratanana,
commune_4210070,4210070,Tsaratanana,
commune_4308010,4308010,Tsaratanana,
commune_4209033,4209033,Tsaratanana I,
commune_2309030,2309030,Tsaravary,
commune_3108030,3108030,Tsaravinany,
commune_3317090,3317090,Tsaravinany,
commune_2204090,2204090,Tsarazaza,
commune_1117430,1117430,Tsiafahy,
commune_1210170,1210170,Tsiafajavona Ankaratra,
commune_4212070,4212070,Tsiamalao,
commune_5120230,5120230,Tsianisiha,
commune_2514033,2514033,Tsianofana,
commune_2514050,2514050,Tsiately,
commune_2309070,2309070,Tsiatosika,
commune_5214010,5214010,Tsihombe,
commune_5218110,5218110,Tsikolaky,
commune_5410030,5410030,Tsimafana,
commune_5216210,5216210,Tsimananada,
commune_5409170,5409170,Tsimazava,
commune_4209070,4209070,Tsiningia,
commune_1210310,1210310,Tsinjoarivo,
commune_1411150,1411150,Tsinjoarivo,
commune_1419052,1419052,Tsinjoarivo,
commune_4209131,4209131,Tsinjomitondraka,
commune_5218092,5218092,Tsirandrany,
commune_1411030,1411030,Tsiroanomandidy Fihaonana,
commune_1411010,1411010,Tsiroanomandidy Renivohitra,
commune_2119130,2119130,Tsitondroina,
commune_3107171,3107171,Tsivangiana,
commune_5319230,5319230,Tsivory,
commune_3107052,3107052,Vahatrakaka,
commune_1216170,1216170,Valabetokana,
commune_2514010,2514010,Vangaindrano,
commune_51111,51111,VANONA,
commune_3204150,3204150,Vanono,
commune_1209410,1209410,Vasiana,
commune_2310212,2310212,Vatana,
commune_2514370,2514370,Vatanato,
commune_2309350,2309350,Vatohandrina,
commune_5106112,5106112,Vatolatsaka,
commune_3107010,3107010,Vatomandry,
commune_2101007,2101007,Vatosola,
commune_51810,51810,VAVATENINA,
commune_3215010,3215010,Vavatenina,
commune_4421194,4421194,Veromanga,
commune_1102350,1102350,Viliahazo,
commune_1218090,1218090,Vinaninkarena,
commune_1216110,1216110,Vinaninony Atsimo,
commune_1216050,1216050,Vinaninony Avaratra,
commune_2120570,2120570,Vinanitelo,
commune_2310292,2310292,Vinanitelo,
commune_7210270,7210270,Vinanivao,
commune_1209330,1209330,Vinany,
commune_2223132,2223132,Vinany,
commune_3314092,3314092,Vodiriana,
commune_3106010,3106010,Vohibinany,
commune_2517192,2517192,Vohiboreka,
commune_2203590,2203590,Vohidahy,
commune_2307112,2307112,Vohidroa,
commune_2312172,2312172,Vohilany,
commune_2307090,2307090,Vohilava,
commune_2309230,2309230,Vohilava,
commune_2310370,2310370,Vohilava Ex-Sahasondry,
commune_50910,50910,VOHILENGO,
commune_2513570,2513570,Vohilengo,
commune_3205110,3205110,Vohilengo,
commune_2514390,2514390,Vohimalaza,
commune_5218252,5218252,Vohimanga,
commune_2310250,2310250,Vohimanitra,
commune_2120450,2120450,Vohimarina,
commune_7216010,7216010,Vohimarina CU,
commune_2517071,2517071,Vohimary,
commune_2310352,2310352,Vohimasina Nord,
commune_2310351,2310351,Vohimasina Sud,
commune_2310190,2310190,Vohimasy,
commune_2513030,2513030,Vohimasy,
commune_3312151,3312151,Vohimena,
commune_2312032,2312032,Vohindava,
commune_2514170,2514170,Vohipaho,
commune_50911,50911,VOHIPENO,
commune_2312010,2312010,Vohipeno,
commune_3205190,3205190,Vohipeno,
commune_3106150,3106150,Vohipeno (Razanaka),
commune_2108170,2108170,Vohiposa,
commune_5107250,5107250,Vohitany,
commune_2120510,2120510,Vohitrafeno,
commune_2514111,2514111,Vohitrambo,
commune_2307111,2307111,Vohitrandriana,
commune_3106030,3106030,Vohitranivona,
commune_2108310,2108310,Vohitrarivo,
commune_2312031,2312031,Vohitrindry,
commune_2513090,2513090,Vohitromby,
commune_2105270,2105270,Vohitsaoka,
commune_3312112,3312112,Vohitsara,
commune_51208,51208,VOLOINA,
commune_3203131,3203131,Voloina,
commune_2517011,2517011,Vondrozo,
commune_2416150,2416150,Zazafotsy,
commune_1312170,1312170,Zoma Bealoka,
