commune_xmlid,district_xmlid
commune_1101001,district_analamanga_antananarivo_renivohitra
commune_1101002,district_analamanga_antananarivo_renivohitra
commune_1101003,district_analamanga_antananarivo_renivohitra
commune_1101004,district_analamanga_antananarivo_renivohitra
commune_1101005,district_analamanga_antananarivo_renivohitra
commune_1101006,district_analamanga_antananarivo_renivohitra
commune_1102010,district_analamanga_antananarivo_avaradrano
commune_2310630,district_vatovavy_fitovinany_manakara
commune_5104050,district_atsimo_andrefana_morombe
commune_5218151,district_androy_bekily
commune_2310230,district_vatovavy_fitovinany_manakara
commune_2307030,district_vatovavy_fitovinany_nosy_varika
commune_7117090,district_diana_ambilobe
commune_4308170,district_betsiboka_kandreho
commune_2307210,district_vatovavy_fitovinany_nosy_varika
commune_7119130,district_diana_ambanja
commune_4304112,district_betsiboka_maevatanana
commune_2120030,district_haute_matsiatra_lalangina
commune_4115031,district_boeny_mahajanga_ii
commune_2108072,district_haute_matsiatra_ambohimahasoa
commune_4210210,district_sofia_mandritsara
commune_2120210,district_haute_matsiatra_lalangina
commune_2203250,district_amoron_i_mania_ambositra
commune_1411250,district_analamanga_tsiroanomandidy
commune_4304130,district_betsiboka_maevatanana
commune_2310690,district_vatovavy_fitovinany_manakara
commune_4214212,district_sofia_bealanana
commune_3106210,district_atsinanana_brickaville
commune_7216130,district_sava_vohemar
commune_5317070,district_anosy_betroka
commune_2513470,district_atsimo_atsinanana_farafangana
commune_2310410,district_vatovavy_fitovinany_manakara
commune_3107110,district_atsinanana_vatomandry
commune_1106210,district_analamanga_manjakandriana
commune_4209031,district_sofia_port_berge
commune_1218010,district_vakinankaratra_antsirabe_ii
commune_7117231,district_diana_ambilobe
commune_4210170,district_sofia_mandritsara
commune_4210190,district_sofia_mandritsara
commune_1103390,district_analamanga_ambohidratrimo
commune_5315114,district_anosy_taolagnaro
commune_7117110,district_diana_ambilobe
commune_1117470,district_analamanga_antananarivo_atsimondrano
commune_2202010,district_amoron_i_mania_ambatofinandrahana
commune_2203390,district_amoron_i_mania_ambositra
commune_2311031,district_vatovavy_fitovinany_ikongo
commune_1106012,district_analamanga_manjakandriana
commune_2514212,district_atsimo_atsinanana_vangaindrano
commune_1106070,district_analamanga_manjakandriana
commune_1312050,district_itasy_miarinarivo
commune_1107230,district_analamanga_anjozorobe
commune_2223170,district_amoron_i_mania_manandriana
commune_1214079,district_vakinankaratra_antanifotsy
commune_2202110,district_amoron_i_mania_ambatofinandrahana
commune_5317350,district_anosy_betroka
commune_1210090,district_vakinankaratra_ambatolampy
commune_1209170,district_vakinankaratra_betafo
commune_4214070,district_sofia_bealanana
commune_51213,district_haute_matsiatra_ambohimahasoa
commune_2108190,district_haute_matsiatra_ambohimahasoa
commune_3203270,district_haute_matsiatra_ambohimahasoa
commune_5218091,district_androy_bekily
commune_3313130,district_alaotra_mangoro_ambatondrazaka
commune_3314210,district_alaotra_mangoro_moramanga
commune_1117130,district_analamanga_antananarivo_atsimondrano
commune_5216092,district_androy_ambovombe_androy
commune_1313132,district_itasy_soavinandriana
commune_5410112,district_menabe_belo_sur_tsiribihina
commune_2310070,district_vatovavy_fitovinany_manakara
commune_7117010,district_diana_ambilobe
commune_4210270,district_sofia_mandritsara
commune_3108110,district_atsinanana_mahanoro
commune_7210190,district_sava_antalaha
commune_7216250,district_sava_vohemar
commune_2105190,district_haute_matsiatra_ambalavao
commune_2203550,district_atsinanana_mahanoro
commune_3108170,district_atsinanana_mahanoro
commune_3106110,district_atsinanana_brickaville
commune_2105212,district_haute_matsiatra_ambalavao
commune_51201,district_analanjirofo_maroantsetra
commune_3203090,district_analanjirofo_maroantsetra
commune_2311130,district_vatovavy_fitovinany_ikongo
commune_4210130,district_sofia_mandritsara
commune_5410090,district_menabe_belo_sur_tsiribihina
commune_7211370,district_sava_sambava
commune_3312130,district_alaotra_mangoro_amparafaravola
commune_7212230,district_sava_andapa
commune_2307310,district_vatovavy_fitovinany_nosy_varika
commune_3108130,district_atsinanana_mahanoro
commune_7117172,district_atsinanana_mahanoro
commune_3108050,district_atsinanana_mahanoro
commune_4223190,district_sofia_mampikony
commune_2307151,district_vatovavy_fitovinany_nosy_varika
commune_3110150,district_atsinanana_toamasina_ii
commune_4213171,district_sofia_antsohihy
commune_4209171,district_sofia_port_berge
commune_4213130,district_sofia_antsohihy
commune_4213090,district_sofia_antsohihy
commune_51802,district_analanjirofo_vavatenina
commune_3215170,district_analanjirofo_vavatenina
commune_1214230,district_atsinanana_toamasina_ii
commune_3110070,district_atsinanana_toamasina_ii
commune_4209112,district_sofia_port_berge
commune_4214170,district_sofia_bealanana
commune_3110092,district_atsinanana_toamasina_ii
commune_3107131,district_atsinanana_vatomandry
commune_3107030,district_atsinanana_vatomandry
commune_51103,district_analanjirofo_mananara_nord
commune_3204012,district_analanjirofo_mananara_nord
commune_7211130,district_sava_sambava
commune_4209172,district_sofia_port_berge
commune_51803,district_analanjirofo_vavatenina
commune_3215050,district_analanjirofo_vavatenina
commune_1216130,district_vakinankaratra_faratsiho
commune_1218130,district_vakinankaratra_antsirabe_ii
commune_1117050,district_analamanga_antananarivo_atsimondrano
commune_1103010,district_analamanga_ambohidratrimo
commune_3314170,district_alaotra_mangoro_moramanga
commune_2513270,district_atsimo_atsinanana_farafangana
commune_3312090,district_alaotra_mangoro_amparafaravola
commune_1117350,district_analamanga_antananarivo_atsimondrano
commune_2105230,district_haute_matsiatra_ambalavao
commune_2108010,district_haute_matsiatra_ambohimahasoa
commune_5120110,district_atsimo_andrefana_toliara_ii
commune_1102099,district_analamanga_antananarivo_avaradrano
commune_7119232,district_diana_ambanja
commune_7119050,district_diana_ambanja
commune_1115091,district_analamanga_andramasina
commune_1218150,district_vakinankaratra_antsirabe_ii
commune_2306090,district_vatovavy_fitovinany_ifanadiana
commune_1107330,district_analamanga_anjozorobe
commune_2311092,district_vatovavy_fitovinany_ikongo
commune_7211210,district_sava_sambava
commune_2108230,district_haute_matsiatra_ambohimahasoa
commune_2309310,district_vatovavy_fitovinany_mananjary
commune_4103030,district_boeny_soalala
commune_1305290,district_itasy_arivonimamo
commune_2223090,district_amoron_i_mania_manandriana
commune_4210330,district_sofia_mandritsara
commune_4223050,district_sofia_mampikony
commune_1214179,district_vakinankaratra_antanifotsy
commune_7210210,district_sava_antalaha
commune_1305050,district_itasy_arivonimamo
commune_1106230,district_analamanga_manjakandriana
commune_7119390,district_diana_ambanja
commune_3312051,district_alaotra_mangoro_amparafaravola
commune_1106370,district_analamanga_manjakandriana
commune_1106290,district_analamanga_manjakandriana
commune_1106271,district_analamanga_manjakandriana
commune_3313070,district_alaotra_mangoro_ambatondrazaka
commune_1218170,district_vakinankaratra_antsirabe_ii
commune_4211030,district_sofia_analalava
commune_4402072,district_melaky_besalampy
commune_5120150,district_atsimo_andrefana_toliara_ii
commune_2311012,district_vatovavy_fitovinany_ikongo
commune_4106051,district_boeny_marovoay
commune_1104170,district_analamanga_ankazobe
commune_5216050,district_androy_ambovombe_androy
commune_5216091,district_androy_ambovombe_androy
commune_4105112,district_boeny_ambato_boeny
commune_2202090,district_amoron_i_mania_ambatofinandrahana
commune_1107099,district_analamanga_anjozorobe
commune_2514211,district_atsimo_atsinanana_vangaindrano
commune_7216270,district_sava_vohemar
commune_5112070,district_atsimo_andrefana_sakaraha
commune_4210392,district_sofia_mandritsara
commune_2310430,district_vatovavy_fitovinany_manakara
commune_2310313,district_vatovavy_fitovinany_manakara
commune_4214110,district_sofia_bealanana
commune_7210030,district_sava_antalaha
commune_1117370,district_analamanga_antananarivo_atsimondrano
commune_4402130,district_melaky_besalampy
commune_5216152,district_androy_ambovombe_androy
commune_7210310,district_sava_antalaha
commune_4308130,district_betsiboka_kandreho
commune_3317031,district_alaotra_mangoro_anosibe_an_ala
commune_7216231,district_sava_vohemar
commune_1117270,district_analamanga_antananarivo_atsimondrano
commune_1106410,district_analamanga_manjakandriana
commune_1103190,district_analamanga_ambohidratrimo
commune_1103210,district_analamanga_ambohidratrimo
commune_3312011,district_alaotra_mangoro_amparafaravola
commune_1107250,district_analamanga_anjozorobe
commune_3312210,district_alaotra_mangoro_amparafaravola
commune_2514031,district_atsimo_atsinanana_vangaindrano
commune_3317012,district_alaotra_mangoro_anosibe_an_ala
commune_2310311,district_vatovavy_fitovinany_manakara
commune_4223110,district_sofia_mampikony
commune_2310532,district_vatovavy_fitovinany_manakara
commune_5315230,district_anosy_taolagnaro
commune_5315031,district_anosy_taolagnaro
commune_2514132,district_atsimo_atsinanana_vangaindrano
commune_4210350,district_sofia_mandritsara
commune_1313090,district_itasy_soavinandriana
commune_7216330,district_sava_vohemar
commune_3110290,district_atsinanana_toamasina_ii
commune_2108030,district_haute_matsiatra_ambohimahasoa
commune_3313050,district_alaotra_mangoro_ambatondrazaka
commune_7210050,district_sava_antalaha
commune_7216030,district_sava_vohemar
commune_7117050,district_diana_ambilobe
commune_4213070,district_sofia_antsohihy
commune_5120390,district_atsimo_andrefana_toliara_ii
commune_5408079,district_menabe_morondava
commune_4211011,district_sofia_analalava
commune_2416090,district_ihorombe_ihosy
commune_7211190,district_sava_sambava
commune_5120330,district_atsimo_andrefana_toliara_ii
commune_2306150,district_vatovavy_fitovinany_ifanadiana
commune_1107190,district_analamanga_anjozorobe
commune_2416210,district_ihorombe_ihosy
commune_1312110,district_vatovavy_fitovinany_manakara
commune_2310710,district_vatovavy_fitovinany_manakara
commune_2517013,district_atsimo_atsinanana_vondrozo
commune_51216,district_analanjirofo_maroantsetra
commune_3203210,district_analanjirofo_maroantsetra
commune_3314350,district_alaotra_mangoro_moramanga
commune_2517170,district_atsimo_atsinanana_vondrozo
commune_2223190,district_amoron_i_mania_manandriana
commune_5216151,district_androy_ambovombe_androy
commune_7210290,district_sava_antalaha
commune_51604,district_analanjirofo_soanierana_ivongo
commune_3218070,district_analanjirofo_soanierana_ivongo
commune_2307230,district_vatovavy_fitovinany_nosy_varika
commune_3106252,district_atsinanana_brickaville
commune_2312190,district_vatovavy_fitovinany_vohipeno
commune_3316011,district_alaotra_mangoro_andilamena
commune_3313151,district_alaotra_mangoro_ambatondrazaka
commune_2306250,district_ihorombe_ihosy
commune_2416192,district_ihorombe_ihosy
commune_4210290,district_sofia_mandritsara
commune_1117170,district_analamanga_antananarivo_atsimondrano
commune_1115032,district_analamanga_andramasina
commune_1312210,district_itasy_miarinarivo
commune_2309290,district_vatovavy_fitovinany_mananjary
commune_3110210,district_atsinanana_toamasina_ii
commune_7216210,district_sava_vohemar
commune_7113110,district_diana_antsiranana_ii
commune_7211330,district_sava_sambava
commune_7212130,district_sava_andapa
commune_1115010,district_analamanga_andramasina
commune_4422030,district_melaky_morafenobe
commune_4115072,district_boeny_mahajanga_ii
commune_3110230,district_atsinanana_toamasina_ii
commune_5315113,district_anosy_taolagnaro
commune_7113191,district_diana_antsiranana_ii
commune_4105052,district_boeny_ambato_boeny
commune_1214090,district_vakinankaratra_antanifotsy
commune_51202,district_analanjirofo_maroantsetra
commune_3203051,district_analanjirofo_maroantsetra
commune_5120370,district_atsimo_andrefana_toliara_ii
commune_2515031,district_atsimo_atsinanana_befotaka
commune_4105150,district_boeny_ambato_boeny
commune_1218110,district_vakinankaratra_antsirabe_ii
commune_5106190,district_atsimo_andrefana_betioky_sud
commune_4209091,district_sofia_port_berge
commune_1104270,district_vakinankaratra_faratsiho
commune_1216090,district_vakinankaratra_faratsiho
commune_2120292,district_haute_matsiatra_vohibato
commune_1117030,district_analamanga_antananarivo_atsimondrano
commune_5402110,district_menabe_manja
commune_4421192,district_melaky_maintirano
commune_1210330,district_vakinankaratra_ambatolampy
commune_7113170,district_diana_antsiranana_ii
commune_2120310,district_haute_matsiatra_vohibato
commune_5120270,district_atsimo_andrefana_toliara_ii
commune_7216190,district_sava_vohemar
commune_4421090,district_melaky_maintirano
commune_4213172,district_sofia_antsohihy
commune_1209490,district_vakinankaratra_betafo
commune_7211550,district_sava_sambava
commune_1210110,district_vakinankaratra_ambatolampy
commune_4308150,district_betsiboka_kandreho
commune_5317330,district_anosy_betroka
commune_4304171,district_betsiboka_maevatanana
commune_1117410,district_analamanga_antananarivo_atsimondrano
commune_5107230,district_atsimo_andrefana_ampanihy
commune_3313193,district_alaotra_mangoro_ambatondrazaka
commune_3203152,district_analanjirofo_maroantsetra
commune_1107290,district_analamanga_anjozorobe
commune_2120330,district_haute_matsiatra_lalangina
commune_2514112,district_atsimo_atsinanana_vangaindrano
commune_3106290,district_atsinanana_brickaville
commune_51806,district_analanjirofo_vavatenina
commune_3215091,district_analanjirofo_vavatenina
commune_51203,district_analanjirofo_maroantsetra
commune_3203110,district_analanjirofo_maroantsetra
commune_4213052,district_sofia_antsohihy
commune_1103410,district_analamanga_ambohidratrimo
commune_7211230,district_sava_sambava
commune_1106190,district_analamanga_manjakandriana
commune_4105090,district_boeny_ambato_boeny
commune_7211470,district_sava_sambava
commune_7212330,district_sava_andapa
commune_4213110,district_sofia_antsohihy
commune_7211150,district_sava_sambava
commune_2223110,district_amoron_i_mania_manandriana
commune_1107019,district_analamanga_anjozorobe
commune_4214250,district_sofia_bealanana
commune_1117290,district_analamanga_antananarivo_atsimondrano
commune_1102430,district_analamanga_antananarivo_avaradrano
commune_2108090,district_haute_matsiatra_ambohimahasoa
commune_5410111,district_menabe_belo_sur_tsiribihina
commune_4211170,district_sofia_analalava
commune_5315270,district_anosy_taolagnaro
commune_2312090,district_vatovavy_fitovinany_vohipeno
commune_2311111,district_vatovavy_fitovinany_ikongo
commune_2204130,district_amoron_i_mania_fandriana
commune_4402090,district_melaky_besalampy
commune_7119350,district_diana_ambanja
commune_2309510,district_vatovavy_fitovinany_mananjary
commune_5411130,district_menabe_miandrivazo
commune_2203050,district_amoron_i_mania_ambositra
commune_1104010,district_analamanga_ankazobe
commune_5106410,district_atsimo_andrefana_betioky_sud
commune_4106090,district_boeny_marovoay
commune_1209310,district_vakinankaratra_mandoto
commune_1106351,district_analamanga_manjakandriana
commune_4214310,district_sofia_bealanana
commune_3108150,district_atsinanana_mahanoro
commune_2515012,district_atsimo_atsinanana_befotaka
commune_4213030,district_sofia_antsohihy
commune_7113130,district_diana_antsiranana_ii
commune_4105051,district_boeny_ambato_boeny
commune_5120310,district_atsimo_andrefana_toliara_ii
commune_5107130,district_atsimo_andrefana_ampanihy
commune_2416031,district_ihorombe_ihosy
commune_7119150,district_diana_ambanja
commune_4105130,district_boeny_ambato_boeny
commune_4223130,district_sofia_mampikony
commune_4421110,district_melaky_maintirano
commune_51205,district_analanjirofo_maroantsetra
commune_3203070,district_analanjirofo_maroantsetra
commune_51217,district_analanjirofo_maroantsetra
commune_3203190,district_analanjirofo_maroantsetra
commune_5411210,district_menabe_miandrivazo
commune_5411071,district_menabe_miandrivazo
commune_2310670,district_vatovavy_fitovinany_manakara
commune_3312052,district_alaotra_mangoro_amparafaravola
commune_7119310,district_diana_ambanja
commune_1103030,district_analamanga_ambohidratrimo
commune_2310052,district_analamanga_ambohidratrimo
commune_1312151,district_itasy_miarinarivo
commune_5411033,district_menabe_miandrivazo
commune_2309450,district_vatovavy_fitovinany_mananjary
commune_2513050,district_atsimo_atsinanana_farafangana
commune_7212290,district_sava_andapa
commune_7119190,district_diana_ambanja
commune_1210292,district_vakinankaratra_ambatolampy
commune_1104190,district_analamanga_ankazobe
commune_51210,district_analanjirofo_maroantsetra
commune_5107110,district_atsimo_andrefana_ampanihy
commune_2418030,district_ihorombe_ivohibe
commune_51104,district_analanjirofo_mananara_nord
commune_3204030,district_analanjirofo_mananara_nord
commune_4210410,district_sofia_mandritsara
commune_51105,district_analanjirofo_mananara_nord
commune_3204110,district_analanjirofo_mananara_nord
commune_7113270,district_diana_antsiranana_ii
commune_7210110,district_sava_antalaha
commune_10101,district_analamanga_antananarivo_renivohitra
commune_3111070,district_atsinanana_antanambao_manampotsy
commune_3204210,district_analanjirofo_mananara_nord
commune_4214032,district_sofia_bealanana
commune_3317051,district_alaotra_mangoro_anosibe_an_ala
commune_1117230,district_analamanga_antananarivo_atsimondrano
commune_3314293,district_alaotra_mangoro_moramanga
commune_1218070,district_vakinankaratra_antsirabe_ii
commune_4316030,district_betsiboka_kandreho
commune_4304092,district_betsiboka_maevatanana
commune_5120191,district_atsimo_andrefana_toliara_ii
commune_3316031,district_alaotra_mangoro_andilamena
commune_5104130,district_atsimo_andrefana_morombe
commune_2522032,district_atsimo_atsinanana_befotaka
commune_5214071,district_androy_tsihombe
commune_1103070,district_analamanga_ambohidratrimo
commune_1305213,district_itasy_arivonimamo
commune_3110030,district_atsinanana_toamasina_ii
commune_7211390,district_sava_sambava
commune_2311150,district_vatovavy_fitovinany_ikongo
commune_2203410,district_amoron_i_mania_ambositra
commune_5106070,district_atsimo_andrefana_betioky_sud
commune_1209190,district_vakinankaratra_betafo
commune_2517072,district_atsimo_atsinanana_vondrozo
commune_7210070,district_sava_antalaha
commune_2522012,district_atsimo_atsinanana_befotaka
commune_4211190,district_sofia_analalava
commune_4213150,district_sofia_antsohihy
commune_1103252,district_analamanga_ambohidratrimo
commune_1106272,district_analamanga_manjakandriana
commune_7212350,district_sava_andapa
commune_7113050,district_diana_antsiranana_ii
commune_7210090,district_sava_antalaha
commune_7211510,district_sava_sambava
commune_4212210,district_sofia_befandriana_nord
commune_4212130,district_sofia_befandriana_nord
commune_7119110,district_diana_ambanja
commune_5218070,district_androy_bekily
commune_7113152,district_diana_antsiranana_ii
commune_4420010,district_melaky_antsalova
commune_4214050,district_sofia_bealanana
commune_7210250,district_sava_antalaha
commune_1216030,district_vakinankaratra_faratsiho
commune_3313112,district_alaotra_mangoro_ambatondrazaka
commune_7117130,district_diana_ambilobe
commune_4210230,district_sofia_mandritsara
commune_7119070,district_diana_ambanja
commune_5106490,district_atsimo_andrefana_betioky_sud
commune_2309150,district_vatovavy_fitovinany_mananjary
commune_2513530,district_atsimo_atsinanana_farafangana
commune_4107012,district_boeny_mitsinjo
commune_4304091,district_betsiboka_maevatanana
commune_2306110,district_vatovavy_fitovinany_ifanadiana
commune_7117150,district_diana_ambilobe
commune_1209090,district_vakinankaratra_betafo
commune_1103430,district_analamanga_ambohidratrimo
commune_1106470,district_analamanga_ambohidratrimo
commune_5104150,district_atsimo_andrefana_morombe
commune_5213110,district_androy_beloha
commune_5107190,district_atsimo_andrefana_ampanihy
commune_7212150,district_sava_andapa
commune_4214010,district_sofia_bealanana
commune_4214031,district_sofia_bealanana
commune_3312012,district_alaotra_mangoro_amparafaravola
commune_5408159,district_menabe_morondava
commune_2108270,district_haute_matsiatra_ambohimahasoa
commune_2307190,district_vatovavy_fitovinany_nosy_varika
commune_3314190,district_alaotra_mangoro_moramanga
commune_2421050,district_ihorombe_iakora
commune_5319030,district_anosy_amboasary_sud
commune_2522070,district_atsimo_atsinanana_befotaka
commune_5402030,district_menabe_manja
commune_4316090,district_betsiboka_kandreho
commune_5103050,district_atsimo_andrefana_beroroha
commune_5120072,district_atsimo_andrefana_toliara_ii
commune_4308030,district_betsiboka_kandreho
commune_2310291,district_vatovavy_fitovinany_manakara
commune_4107091,district_boeny_mitsinjo
commune_5218230,district_androy_bekily
commune_4115071,district_boeny_mahajanga_ii
commune_4402071,district_melaky_besalampy
commune_4420090,district_melaky_antsalova
commune_4223070,district_sofia_mampikony
commune_5317250,district_anosy_betroka
commune_5120030,district_atsimo_andrefana_toliara_ii
commune_5106311,district_atsimo_andrefana_betioky_sud
commune_3314130,district_alaotra_mangoro_moramanga
commune_1218030,district_vakinankaratra_antsirabe_ii
commune_2311032,district_vatovavy_fitovinany_ikongo
commune_5213010,district_androy_beloha
commune_2514410,district_atsimo_atsinanana_vangaindrano
commune_4106130,district_boeny_marovoay
commune_3316012,district_alaotra_mangoro_andilamena
commune_5408059,district_menabe_morondava
commune_1117070,district_analamanga_antananarivo_atsimondrano
commune_5103110,district_atsimo_andrefana_beroroha
commune_7119030,district_diana_ambanja
commune_5121010,district_atsimo_andrefana_benenitra
commune_3314330,district_alaotra_mangoro_moramanga
commune_5218251,district_androy_bekily
commune_7117190,district_diana_ambilobe
commune_4304032,district_betsiboka_maevatanana
commune_4422050,district_melaky_morafenobe
commune_5112090,district_atsimo_andrefana_sakaraha
commune_5105070,district_atsimo_andrefana_ankazoabo_sud
commune_5103010,district_atsimo_andrefana_beroroha
commune_5101006,district_androy_bekily
commune_5218310,district_androy_bekily
commune_4402010,district_melaky_besalampy
commune_5106130,district_atsimo_andrefana_betioky_sud
commune_2105150,district_haute_matsiatra_ambalavao
commune_1209010,district_vakinankaratra_betafo
commune_4316051,district_betsiboka_kandreho
commune_4421070,district_melaky_maintirano
commune_4223170,district_sofia_mampikony
commune_1107150,district_analamanga_anjozorobe
commune_5218190,district_androy_bekily
commune_4308070,district_betsiboka_kandreho
commune_5317010,district_anosy_betroka
commune_4115032,district_boeny_mahajanga_ii
commune_7212250,district_sava_andapa
commune_7117210,district_diana_ambilobe
commune_2204192,district_amoron_i_mania_fandriana
commune_5120050,district_atsimo_andrefana_toliara_ii
commune_5411170,district_menabe_miandrivazo
commune_3108012,district_atsinanana_mahanoro
commune_1209470,district_vakinankaratra_mandoto
commune_2514251,district_atsimo_atsinanana_vangaindrano
commune_1411070,district_analamanga_tsiroanomandidy
commune_5218270,district_androy_bekily
commune_7211530,district_sava_sambava
commune_5106150,district_atsimo_andrefana_betioky_sud
commune_4115012,district_boeny_mahajanga_ii
commune_7113330,district_diana_antsiranana_ii
commune_7216090,district_sava_vohemar
commune_7113251,district_diana_antsiranana_ii
commune_1117390,district_analamanga_antananarivo_atsimondrano
commune_4308190,district_betsiboka_kandreho
commune_5411012,district_menabe_miandrivazo
commune_7216110,district_sava_vohemar
commune_3313170,district_alaotra_mangoro_ambatondrazaka
commune_7119092,district_diana_ambanja
commune_7212310,district_sava_andapa
commune_1313012,district_itasy_soavinandriana
commune_5319290,district_anosy_amboasary_sud
commune_5107150,district_atsimo_andrefana_ampanihy
commune_5319150,district_anosy_amboasary_sud
commune_5315170,district_anosy_taolagnaro
commune_5315151,district_anosy_taolagnaro
commune_5216013,district_androy_ambovombe_androy
commune_5319170,district_anosy_amboasary_sud
commune_2513390,district_atsimo_atsinanana_farafangana
commune_2513370,district_atsimo_atsinanana_farafangana
commune_7216050,district_sava_vohemar
commune_3110050,district_atsinanana_toamasina_ii
commune_3106190,district_atsinanana_brickaville
commune_2120430,district_haute_matsiatra_lalangina
commune_2204010,district_amoron_i_mania_fandriana
commune_2513010,district_atsimo_atsinanana_farafangana
commune_7211079,district_sava_sambava
commune_1216010,district_vakinankaratra_faratsiho
commune_2306170,district_vatovavy_fitovinany_ifanadiana
commune_2514290,district_atsimo_atsinanana_vangaindrano
commune_5106230,district_atsimo_andrefana_betioky_sud
commune_5315152,district_anosy_taolagnaro
commune_2310390,district_vatovavy_fitovinany_manakara
commune_3106130,district_atsinanana_brickaville
commune_1209350,district_vakinankaratra_mandoto
commune_1102279,district_analamanga_antananarivo_avaradrano
commune_1104090,district_analamanga_ankazobe
commune_1117090,district_analamanga_antananarivo_atsimondrano
commune_1419031,district_analamanga_fenoarivo_be
commune_2119090,district_haute_matsiatra_ikalamavony
commune_5107290,district_atsimo_andrefana_ampanihy
commune_5105090,district_atsimo_andrefana_ankazoabo_sud
commune_5107210,district_atsimo_andrefana_ampanihy
commune_2513210,district_atsimo_atsinanana_farafangana
commune_5317270,district_anosy_betroka
commune_2421010,district_ihorombe_iakora
commune_5317130,district_anosy_betroka
commune_5317310,district_anosy_betroka
commune_5121031,district_atsimo_andrefana_benenitra
commune_2514230,district_atsimo_atsinanana_vangaindrano
commune_1103090,district_analamanga_ambohidratrimo
commune_2105050,district_haute_matsiatra_ambalavao
commune_2306011,district_vatovavy_fitovinany_ifanadiana
commune_2311071,district_vatovavy_fitovinany_ikongo
commune_5315051,district_anosy_taolagnaro
commune_2312210,district_vatovavy_fitovinany_vohipeno
commune_5319090,district_anosy_amboasary_sud
commune_2120293,district_haute_matsiatra_vohibato
commune_2513550,district_atsimo_atsinanana_farafangana
commune_2416010,district_ihorombe_ihosy
commune_2119010,district_haute_matsiatra_ikalamavony
commune_2311011,district_vatovavy_fitovinany_ikongo
commune_3313090,district_alaotra_mangoro_ambatondrazaka
commune_2416232,district_ihorombe_ihosy
commune_2312230,district_vatovavy_fitovinany_vohipeno
commune_5105110,district_atsimo_andrefana_ankazoabo_sud
commune_5216190,district_androy_ambovombe_androy
commune_3313191,district_alaotra_mangoro_ambatondrazaka
commune_2204230,district_amoron_i_mania_fandriana
commune_5214072,district_androy_tsihombe
commune_3204190,district_analanjirofo_mananara_nord
commune_1209290,district_vakinankaratra_betafo
commune_2416050,district_ihorombe_ihosy
commune_2514310,district_atsimo_atsinanana_vangaindrano
commune_2108210,district_anosy_taolagnaro
commune_5411072,district_menabe_miandrivazo
commune_5317291,district_anosy_betroka
commune_2120370,district_haute_matsiatra_isandra
commune_5107310,district_atsimo_andrefana_ampanihy
commune_1117110,district_analamanga_antananarivo_atsimondrano
commune_5411110,district_menabe_miandrivazo
commune_2202030,district_amoron_i_mania_ambatofinandrahana
commune_5317090,district_anosy_betroka
commune_2513110,district_atsimo_atsinanana_farafangana
commune_2120071,district_haute_matsiatra_lalangina
commune_2418010,district_ihorombe_ivohibe
commune_2418070,district_ihorombe_ivohibe
commune_5216170,district_androy_ambovombe_androy
commune_5317210,district_anosy_betroka
commune_2311112,district_vatovavy_fitovinany_ikongo
commune_2108150,district_haute_matsiatra_ambohimahasoa
commune_4210090,district_sofia_mandritsara
commune_4316010,district_betsiboka_kandreho
commune_2517111,district_atsimo_atsinanana_vondrozo
commune_2514252,district_atsimo_atsinanana_vangaindrano
commune_4107070,district_boeny_mitsinjo
commune_2306052,district_vatovavy_fitovinany_ifanadiana
commune_4308090,district_betsiboka_kandreho
commune_1104210,district_analamanga_ankazobe
commune_2203230,district_amoron_i_mania_ambositra
commune_2310570,district_vatovavy_fitovinany_manakara
commune_2309410,district_vatovavy_fitovinany_mananjary
commune_1419051,district_analamanga_fenoarivo_be
commune_4223090,district_sofia_mampikony
commune_3314230,district_alaotra_mangoro_moramanga
commune_2312110,district_vatovavy_fitovinany_vohipeno
commune_7210230,district_sava_antalaha
commune_5106330,district_atsimo_andrefana_betioky_sud
commune_4209111,district_sofia_port_berge
commune_2514131,district_atsimo_atsinanana_vangaindrano
commune_3106251,district_atsinanana_brickaville
commune_3109170,district_atsinanana_marolambo
commune_2310211,district_vatovavy_fitovinany_manakara
commune_3317071,district_alaotra_mangoro_anosibe_an_ala
commune_2514090,district_atsimo_atsinanana_vangaindrano
commune_4304192,district_betsiboka_maevatanana
commune_4105070,district_boeny_ambato_boeny
commune_4209132,district_sofia_port_berge
commune_2310451,district_vatovavy_fitovinany_manakara
commune_5112050,district_atsimo_andrefana_sakaraha
commune_2120551,district_haute_matsiatra_vohibato
commune_4211210,district_sofia_analalava
commune_1209210,district_vakinankaratra_betafo
commune_1419090,district_analamanga_fenoarivo_be
commune_7113192,district_diana_antsiranana_ii
commune_5319190,district_anosy_amboasary_sud
commune_2310470,district_vatovavy_fitovinany_manakara
commune_3205050,district_analanjirofo_fenerive_est
commune_1411270,district_analamanga_tsiroanomandidy
commune_5315131,district_anosy_taolagnaro
commune_2120111,district_haute_matsiatra_lalangina
commune_7113070,district_diana_antsiranana_ii
commune_4304070,district_betsiboka_maevatanana
commune_2105170,district_haute_matsiatra_ambalavao
commune_1103330,district_analamanga_ambohidratrimo
commune_2513290,district_atsimo_atsinanana_farafangana
commune_7119210,district_diana_ambanja
commune_1103150,district_analamanga_ambohidratrimo
commune_3107051,district_atsinanana_vatomandry
commune_4421010,district_melaky_maintirano
commune_3316072,district_alaotra_mangoro_andilamena
commune_5409130,district_menabe_mahabo
commune_4223150,district_sofia_mampikony
commune_2515032,district_atsimo_atsinanana_befotaka
commune_5218130,district_androy_bekily
commune_1305211,district_itasy_arivonimamo
commune_5106170,district_atsimo_andrefana_betioky_sud
commune_5315071,district_anosy_taolagnaro
commune_7117233,district_diana_ambilobe
commune_2517012,district_atsimo_atsinanana_vondrozo
commune_5411092,district_menabe_miandrivazo
commune_51211,district_analanjirofo_maroantsetra
commune_3203032,district_analanjirofo_maroantsetra
commune_51106,district_analanjirofo_mananara_nord
commune_3204050,district_analanjirofo_mananara_nord
commune_2514270,district_atsimo_atsinanana_vangaindrano
commune_2105030,district_haute_matsiatra_ambalavao
commune_4210150,district_sofia_mandritsara
commune_2311050,district_vatovavy_fitovinany_ikongo
commune_5411050,district_menabe_miandrivazo
commune_1218210,district_vakinankaratra_antsirabe_ii
commune_1102210,district_analamanga_antananarivo_avaradrano
commune_2108071,district_haute_matsiatra_ambohimahasoa
commune_1103230,district_analamanga_ambohidratrimo
commune_2309010,district_vatovavy_fitovinany_mananjary
commune_5315251,district_anosy_taolagnaro
commune_5409110,district_menabe_mahabo
commune_3314291,district_alaotra_mangoro_moramanga
commune_5315053,district_anosy_taolagnaro
commune_1209370,district_vakinankaratra_mandoto
commune_5315032,district_anosy_taolagnaro
commune_5103090,district_atsimo_andrefana_beroroha
commune_1115050,district_analamanga_andramasina
commune_1218332,district_vakinankaratra_antsirabe_ii
commune_2202150,district_amoron_i_mania_ambatofinandrahana
commune_4105170,district_boeny_ambato_boeny
commune_2120230,district_haute_matsiatra_vohibato
commune_5319210,district_anosy_amboasary_sud
commune_1107070,district_analamanga_anjozorobe
commune_1218190,district_vakinankaratra_antsirabe_ii
commune_2202170,district_amoron_i_mania_ambatofinandrahana
commune_2310590,district_vatovavy_fitovinany_manakara
commune_2119030,district_haute_matsiatra_ikalamavony
commune_4214150,district_sofia_bealanana
commune_5107090,district_atsimo_andrefana_ampanihy
commune_5402010,district_menabe_manja
commune_1103251,district_analamanga_ambohidratrimo
commune_1209150,district_vakinankaratra_betafo
commune_51608,district_analanjirofo_soanierana_ivongo
commune_3218110,district_analanjirofo_soanierana_ivongo
commune_5120192,district_atsimo_andrefana_toliara_ii
commune_7117030,district_diana_ambilobe
commune_1106110,district_analamanga_manjakandriana
commune_5103070,district_atsimo_andrefana_beroroha
commune_4304150,district_betsiboka_maevatanana
commune_3316051,district_alaotra_mangoro_andilamena
commune_4213190,district_sofia_antsohihy
commune_5216071,district_androy_ambovombe_androy
commune_4212090,district_sofia_befandriana_nord
commune_7211430,district_sava_sambava
commune_51206,district_analanjirofo_maroantsetra
commune_2310051,district_vatovavy_fitovinany_manakara
commune_7210130,district_sava_antalaha
commune_2309330,district_vatovavy_fitovinany_mananjary
commune_5120210,district_atsimo_andrefana_toliara_ii
commune_7211270,district_sava_sambava
commune_2306190,district_vatovavy_fitovinany_ifanadiana
commune_4421130,district_melaky_maintirano
commune_7211290,district_sava_sambava
commune_2309110,district_vatovavy_fitovinany_mananjary
commune_2514350,district_atsimo_atsinanana_vangaindrano
commune_3109010,district_atsinanana_marolambo
commune_5213070,district_androy_beloha
commune_2311033,district_sofia_analalava
commune_4211090,district_sofia_analalava
commune_4421193,district_melaky_maintirano
commune_5319130,district_anosy_amboasary_sud
commune_7216290,district_sava_vohemar
commune_1104250,district_analamanga_ankazobe
commune_2418050,district_ihorombe_ivohibe
commune_4106052,district_boeny_marovoay
commune_2309170,district_vatovavy_fitovinany_mananjary
commune_5106470,district_atsimo_andrefana_betioky_sud
commune_3106230,district_atsinanana_brickaville
commune_2203170,district_amoron_i_mania_ambositra
commune_4210250,district_sofia_mandritsara
commune_2306210,district_vatovavy_fitovinany_ifanadiana
commune_4417032,district_melaky_ambatomainty
commune_1107350,district_analamanga_anjozorobe
commune_5319250,district_anosy_amboasary_sud
commune_2513590,district_atsimo_atsinanana_farafangana
commune_4211150,district_sofia_analalava
commune_4211110,district_sofia_analalava
commune_5218152,district_androy_bekily
commune_5106050,district_atsimo_andrefana_betioky_sud
commune_2514152,district_atsimo_atsinanana_vangaindrano
commune_3108090,district_atsinanana_mahanoro
commune_2514151,district_atsimo_atsinanana_vangaindrano
commune_4107050,district_boeny_mitsinjo
commune_7212170,district_sava_andapa
commune_4212230,district_sofia_befandriana_nord
commune_2310330,district_vatovavy_fitovinany_manakara
commune_1106310,district_analamanga_manjakandriana
commune_1103171,district_analamanga_ambohidratrimo
commune_1106150,district_analamanga_manjakandriana
commune_1305330,district_itasy_arivonimamo
commune_5411011,district_menabe_miandrivazo
commune_1104230,district_analamanga_ankazobe
commune_1305310,district_itasy_arivonimamo
commune_2204191,district_amoron_i_mania_fandriana
commune_5120071,district_atsimo_andrefana_toliara_ii
commune_5112170,district_atsimo_andrefana_sakaraha
commune_2204030,district_amoron_i_mania_fandriana
commune_7216070,district_sava_vohemar
commune_3205170,district_analanjirofo_fenerive_est
commune_2310270,district_vatovavy_fitovinany_manakara
commune_4422010,district_melaky_morafenobe
commune_3314010,district_alaotra_mangoro_moramanga
commune_5408010,district_menabe_morondava
commune_7113252,district_diana_antsiranana_ii
commune_2309490,district_vatovavy_fitovinany_mananjary
commune_1106170,district_analamanga_manjakandriana
commune_2120190,district_haute_matsiatra_isandra
commune_2312130,district_vatovavy_fitovinany_vohipeno
commune_3106310,district_alaotra_mangoro_anosibe_an_ala
commune_3317053,district_alaotra_mangoro_anosibe_an_ala
commune_2310312,district_vatovavy_fitovinany_manakara
commune_5214090,district_androy_tsihombe
commune_7211090,district_sava_sambava
commune_7216170,district_sava_vohemar
commune_2312171,district_vatovavy_fitovinany_vohipeno
commune_1216070,district_vakinankaratra_faratsiho
commune_7113010,district_diana_antsiranana_ii
commune_5319310,district_anosy_amboasary_sud
commune_2416231,district_ihorombe_ihosy
commune_3312072,district_alaotra_mangoro_amparafaravola
commune_2514190,district_atsimo_atsinanana_vangaindrano
commune_5315111,district_anosy_taolagnaro
commune_1106130,district_analamanga_manjakandriana
commune_51207,district_analanjirofo_maroantsetra
commune_3203151,district_analanjirofo_maroantsetra
commune_1106390,district_analamanga_manjakandriana
commune_7113151,district_diana_antsiranana_ii
commune_3109192,district_atsinanana_marolambo
commune_2312250,district_vatovavy_fitovinany_vohipeno
commune_3312190,district_alaotra_mangoro_amparafaravola
commune_3107070,district_atsinanana_vatomandry
commune_3110130,district_atsinanana_toamasina_ii
commune_2416070,district_ihorombe_ihosy
commune_2120112,district_haute_matsiatra_lalangina
commune_2310650,district_vatovavy_fitovinany_manakara
commune_2310531,district_vatovavy_fitovinany_manakara
commune_2310150,district_vatovavy_fitovinany_manakara
commune_51809,district_analanjirofo_vavatenina
commune_3215150,district_analanjirofo_vavatenina
commune_2307070,district_vatovavy_fitovinany_nosy_varika
commune_2108110,district_haute_matsiatra_ambohimahasoa
commune_3111050,district_atsinanana_antanambao_manampotsy
commune_2416170,district_ihorombe_ihosy
commune_5317390,district_anosy_betroka
commune_5106350,district_atsimo_andrefana_betioky_sud
commune_5112011,district_atsimo_andrefana_sakaraha
commune_7113031,district_diana_antsiranana_ii
commune_5103130,district_atsimo_andrefana_beroroha
commune_4308210,district_betsiboka_kandreho
commune_2310610,district_vatovavy_fitovinany_manakara
commune_5106270,district_atsimo_andrefana_betioky_sud
commune_1106030,district_analamanga_manjakandriana
commune_5319070,district_anosy_amboasary_sud
commune_51108,district_analanjirofo_mananara_nord
commune_3204091,district_analanjirofo_mananara_nord
commune_2204150,district_amoron_i_mania_fandriana
commune_2514332,district_atsimo_atsinanana_vangaindrano
commune_2309430,district_vatovavy_fitovinany_mananjary
commune_7210150,district_sava_antalaha
commune_3205130,district_analanjirofo_fenerive_est
commune_5315072,district_anosy_taolagnaro
commune_4417031,district_melaky_ambatomainty
commune_51109,district_analanjirofo_mananara_nord
commune_3204130,district_analanjirofo_mananara_nord
commune_2416191,district_ihorombe_ihosy
commune_2312052,district_vatovavy_fitovinany_vohipeno
commune_2105130,district_haute_matsiatra_ambalavao
commune_5216111,district_androy_ambovombe_androy
commune_4105190,district_boeny_ambato_boeny
commune_4420030,district_melaky_antsalova
commune_2120050,district_haute_matsiatra_vohibato
commune_4103010,district_boeny_soalala
commune_1117210,district_analamanga_antananarivo_atsimondrano
commune_5120132,district_atsimo_andrefana_toliara_ii
commune_3313231,district_alaotra_mangoro_ambatondrazaka
commune_5411159,district_menabe_miandrivazo
commune_1312090,district_itasy_miarinarivo
commune_5106210,district_atsimo_andrefana_betioky_sud
commune_2514070,district_atsimo_atsinanana_vangaindrano
commune_2416132,district_ihorombe_ihosy
commune_4402050,district_melaky_besalampy
commune_1218290,district_vakinankaratra_antsirabe_ii
commune_5315310,district_anosy_taolagnaro
commune_2119050,district_haute_matsiatra_ikalamavony
commune_2310090,district_vatovavy_fitovinany_manakara
commune_2120090,district_haute_matsiatra_lalangina
commune_1104030,district_analamanga_ankazobe
commune_1103050,district_analamanga_ambohidratrimo
commune_4421191,district_melaky_maintirano
commune_5103150,district_atsimo_andrefana_beroroha
commune_3312111,district_alaotra_mangoro_amparafaravola
commune_3316032,district_alaotra_mangoro_andilamena
commune_5105030,district_atsimo_andrefana_ankazoabo_sud
commune_2513230,district_atsimo_atsinanana_farafangana
commune_51110,district_analanjirofo_mananara_nord
commune_3204093,district_analanjirofo_mananara_nord
commune_1115092,district_analamanga_andramasina
commune_5315010,district_anosy_taolagnaro
commune_2310030,district_vatovavy_fitovinany_manakara
commune_2204110,district_amoron_i_mania_fandriana
commune_2416270,district_ihorombe_ihosy
commune_2311091,district_vatovavy_fitovinany_ikongo
commune_5319270,district_anosy_amboasary_sud
commune_5106111,district_atsimo_andrefana_betioky_sud
commune_2513450,district_atsimo_atsinanana_farafangana
commune_4420070,district_melaky_antsalova
commune_5319110,district_anosy_amboasary_sud
commune_5213090,district_androy_beloha
commune_5213030,district_androy_beloha
commune_3317032,district_alaotra_mangoro_anosibe_an_ala
commune_1209110,district_vakinankaratra_betafo
commune_7216150,district_sava_vohemar
commune_4209050,district_sofia_port_berge
commune_5317030,district_anosy_betroka
commune_4105111,district_boeny_ambato_boeny
commune_5410050,district_menabe_belo_sur_tsiribihina
commune_4106070,district_betsiboka_maevatanana
commune_4304111,district_betsiboka_maevatanana
commune_4308050,district_betsiboka_kandreho
commune_3107270,district_atsinanana_vatomandry
commune_2203150,district_amoron_i_mania_ambositra
commune_1107110,district_analamanga_anjozorobe
commune_2309030,district_vatovavy_fitovinany_mananjary
commune_2204090,district_amoron_i_mania_fandriana
commune_1117430,district_analamanga_antananarivo_atsimondrano
commune_4212070,district_sofia_befandriana_nord
commune_5120230,district_atsimo_andrefana_toliara_ii
commune_2514033,district_atsimo_atsinanana_vangaindrano
commune_2514050,district_atsimo_atsinanana_vangaindrano
commune_2309070,district_vatovavy_fitovinany_mananjary
commune_5214010,district_androy_tsihombe
commune_5218110,district_androy_bekily
commune_5410030,district_menabe_belo_sur_tsiribihina
commune_5409170,district_menabe_mahabo
commune_4209070,district_sofia_port_berge
commune_4209131,district_sofia_port_berge
commune_2119130,district_haute_matsiatra_ikalamavony
commune_3107171,district_atsinanana_vatomandry
commune_5319230,district_anosy_amboasary_sud
commune_1216170,district_vakinankaratra_faratsiho
commune_2514010,district_atsimo_atsinanana_vangaindrano
commune_3204150,district_analanjirofo_mananara_nord
commune_1209410,district_vakinankaratra_mandoto
commune_2310212,district_vatovavy_fitovinany_manakara
commune_2514370,district_atsimo_atsinanana_vangaindrano
commune_2309350,district_vatovavy_fitovinany_mananjary
commune_5106112,district_atsimo_andrefana_betioky_sud
commune_3107010,district_atsinanana_vatomandry
commune_51810,district_analanjirofo_vavatenina
commune_3215010,district_analanjirofo_vavatenina
commune_4421194,district_melaky_maintirano
commune_1102350,district_analamanga_antananarivo_avaradrano
commune_7210270,district_sava_antalaha
commune_1209330,district_vakinankaratra_mandoto
commune_2223132,district_vakinankaratra_mandoto
commune_3314092,district_alaotra_mangoro_moramanga
commune_2517192,district_atsimo_atsinanana_vondrozo
commune_2203590,district_amoron_i_mania_ambositra
commune_2307112,district_vatovavy_fitovinany_nosy_varika
commune_2514390,district_atsimo_atsinanana_vangaindrano
commune_5218252,district_androy_bekily
commune_2310250,district_vatovavy_fitovinany_manakara
commune_2120450,district_haute_matsiatra_vohibato
commune_2312032,district_vatovavy_fitovinany_vohipeno
commune_2514170,district_atsimo_atsinanana_vangaindrano
commune_3106150,district_atsinanana_brickaville
commune_2108170,district_haute_matsiatra_ambohimahasoa
commune_5107250,district_atsimo_andrefana_ampanihy
commune_2120510,district_haute_matsiatra_vohibato
commune_2514111,district_atsimo_atsinanana_vangaindrano
commune_2307111,district_vatovavy_fitovinany_nosy_varika
commune_3106030,district_atsinanana_brickaville
commune_2108310,district_haute_matsiatra_ambohimahasoa
commune_2312031,district_vatovavy_fitovinany_vohipeno
commune_2513090,district_atsimo_atsinanana_farafangana
commune_2105270,district_haute_matsiatra_ambalavao
commune_3312112,district_alaotra_mangoro_amparafaravola
commune_51208,district_analanjirofo_maroantsetra
commune_3203131,district_analanjirofo_maroantsetra
commune_2517011,district_atsimo_atsinanana_vondrozo
commune_2416150,district_ihorombe_ihosy
